id,source,related,gui,os,duplicate,prereq_tutorial,links,comments
2,do,y,n,ubuntu16,n,y,https://www.digitalocean.com/community/tutorials/webinar-series-gitops-tool-sets-on-kubernetes-with-circleci-and-argo-cd,
1,do,y,n,ubuntu16,n,n,https://www.digitalocean.com/community/tutorials/how-to-back-up-large-directories-with-unison-on-ubuntu-16-04,
3,do,y,n,ubuntu16,n,y,https://www.digitalocean.com/community/tutorials/securing-communications-three-tier-rails-application-using-ssh-tunnels,
4,do,y,n,ubuntu16,n,y,https://www.digitalocean.com/community/tutorials/how-to-deploy-elixir-phoenix-applications-with-mysql-on-ubuntu-16-04,
6,do,y,n,ubuntu16,n,y,https://www.digitalocean.com/community/tutorials/how-to-monitor-nagios-alerts-with-alerta-on-ubuntu-16-04,
7,do,y,n,ubuntu18,n,y,https://www.digitalocean.com/community/tutorials/how-to-build-atari-bot-with-openai-gym,
8,do,y,n,ubuntu16,n,y,https://www.digitalocean.com/community/tutorials/how-to-install-and-secure-openfaas-using-docker-swarm-on-ubuntu-16-04,
11,do,y,n,ubuntu16,n,y,https://www.digitalocean.com/community/tutorials/how-to-secure-concourse-ci-with-ssl-using-nginx-on-ubuntu-16-04,
12,do,y,n,ubuntu16,n,y,https://www.digitalocean.com/community/tutorials/how-to-secure-your-orientdb-database-on-ubuntu-16-04,
14,do,y,n,ubuntu16,n,y,https://www.digitalocean.com/community/tutorials/how-to-back-up-mongodb-using-droplet-snapshots,
15,do,y,n,ubuntu16,n,y,https://www.digitalocean.com/community/tutorials/how-to-configure-buildbot-with-ssl-using-an-nginx-reverse-proxy,
16,do,y,n,ubuntu16,n,y,https://www.digitalocean.com/community/tutorials/how-to-configure-an-orientdb-cluster-on-ubuntu-16-04,
17,do,y,n,ubuntu16,n,y,https://www.digitalocean.com/community/tutorials/how-to-back-up-a-mysql-database-to-spaces-using-lvm-snapshots,
18,do,y,n,ubuntu16,n,y,https://www.digitalocean.com/community/tutorials/how-to-block-unwanted-ssh-login-attempts-with-pyfilter-on-ubuntu-16-04,
19,do,y,n,ubuntu16,n,y,https://www.digitalocean.com/community/tutorials/how-to-gather-infrastructure-metrics-with-packetbeat-and-elk-on-ubuntu-16-04,
20,do,y,n,ubuntu16,n,y,https://www.digitalocean.com/community/tutorials/how-to-set-up-scheduled-logical-mongodb-backups-to-digitalocean-spaces,
22,do,y,n,ubuntu16,n,y,https://www.digitalocean.com/community/tutorials/how-to-monitor-zabbix-alerts-with-alerta-on-ubuntu-16-04,
23,do,y,n,ubuntu16,n,y,https://www.digitalocean.com/community/tutorials/webinar-series-building-blocks-for-doing-ci-cd-with-kubernetes,
25,do,y,n,ubuntu16,n,y,https://www.digitalocean.com/community/tutorials/how-to-manage-and-monitor-docker-containers-with-dry-on-ubuntu-16-04,
27,do,y,n,ubuntu16,n,y,https://www.digitalocean.com/community/tutorials/how-to-write-a-slash-command-with-flask-and-python-3-on-ubuntu-16-04,
28,do,y,n,ubuntu16,n,y,https://www.digitalocean.com/community/tutorials/how-to-sync-transformed-data-from-mongodb-to-elasticsearch-with-transporter-on-ubuntu-16-04,
29,do,y,n,ubuntu16,n,y,https://www.digitalocean.com/community/tutorials/webinar-series-kubernetes-package-management-with-helm-and-ci-cd-with-jenkins-x,
30,do,y,n,ubuntu16,n,y,https://www.digitalocean.com/community/tutorials/how-to-create-systemd-unit-files-for-buildbot,
31,do,y,n,ubuntu16,n,y,https://www.digitalocean.com/community/tutorials/deploying-react-applications-with-webhooks-and-slack-on-ubuntu-16-04,
32,do,y,n,ubuntu16,n,n,https://www.digitalocean.com/community/tutorials/how-to-use-python-decouple-with-digitalocean-spaces-in-django,
33,do,y,n,ubuntu16,n,y,https://www.digitalocean.com/community/tutorials/webinar-series-building-containerized-applications,
34,do,y,n,ubuntu16,n,y,https://www.digitalocean.com/community/tutorials/exploring-jekyll-s-default-content,
36,do,y,n,ubuntu16,n,y,https://www.digitalocean.com/community/tutorials/how-to-spin-up-a-hadoop-cluster-with-digitalocean-droplets,
37,do,y,n,ubuntu16,n,y,https://www.digitalocean.com/community/tutorials/how-to-verify-code-and-encrypt-data-with-python-gnupg-and-python-3,
38,do,y,n,ubuntu16,n,n,https://www.digitalocean.com/community/tutorials/how-to-use-node-js-and-github-webhooks-to-keep-remote-projects-in-sync,
40,do,y,n,ubuntu16,n,y,https://www.digitalocean.com/community/tutorials/how-to-install-and-configure-orientdb-on-ubuntu-16-04,
42,do,y,n,ubuntu16,n,y,https://www.digitalocean.com/community/tutorials/how-to-set-up-the-titan-graph-database-with-cassandra-and-elasticsearch-on-ubuntu-16-04,
43,do,y,n,ubuntu16,n,y,https://www.digitalocean.com/community/tutorials/how-to-audit-docker-host-security-with-docker-bench-for-security-on-ubuntu-16-04,
44,do,y,n,ubuntu16,n,y,https://www.digitalocean.com/community/tutorials/how-to-proxy-digitalocean-spaces-with-nginx-on-ubuntu-16-04,
45,do,y,n,ubuntu16,n,n,https://www.digitalocean.com/community/tutorials/how-to-encrypt-traffic-to-redis-with-peervpn-on-ubuntu-16-04,
46,do,y,n,ubuntu16,n,y,https://www.digitalocean.com/community/tutorials/how-to-add-the-log-module-to-nginx-on-ubuntu-16-04,
47,do,y,n,ubuntu16,n,n,https://www.digitalocean.com/community/tutorials/how-to-secure-nginx-with-naxsi-on-ubuntu-16-04,
49,do,y,n,ubuntu16,n,n,https://www.digitalocean.com/community/tutorials/how-to-create-digitalocean-snapshots-using-packer-on-ubuntu-16-04,
54,do,y,n,ubuntu16,n,y,https://www.digitalocean.com/community/tutorials/how-to-deploy-cockroachdb-on-a-three-node-cluster-on-ubuntu-16-04,
56,do,y,n,ubuntu16,n,y,https://www.digitalocean.com/community/tutorials/how-to-install-vestacp-and-migrate-user-data,
58,do,y,n,ubuntu16,n,n,https://www.digitalocean.com/community/tutorials/how-to-encrypt-traffic-to-redis-with-spiped-on-ubuntu-16-04,
60,do,y,n,ubuntu16,n,y,https://www.digitalocean.com/community/tutorials/how-to-autoscale-gitlab-continuous-deployment-with-gitlab-runner-on-digitalocean,
61,do,y,n,ubuntu16,n,y,https://www.digitalocean.com/community/tutorials/how-to-ensure-code-quality-with-sonarqube-on-ubuntu-16-04,
62,do,y,n,ubuntu16,n,y,https://www.digitalocean.com/community/tutorials/how-to-use-the-digitalocean-api-v2-with-ansible-2-0-on-ubuntu-16-04,
64,do,y,n,ubuntu16,n,y,https://www.digitalocean.com/community/tutorials/how-to-use-logrotate-and-s3cmd-to-archive-logs-to-object-storage-on-ubuntu-16-04,
65,do,y,n,ubuntu16,n,y,https://www.digitalocean.com/community/tutorials/how-to-install-phpipam-on-ubuntu-16-04,
66,do,y,n,ubuntu16,n,y,https://www.digitalocean.com/community/tutorials/how-to-run-a-secure-mongodb-server-with-openvpn-and-docker-on-ubuntu-16-04,
67,do,y,n,ubuntu16,n,y,https://www.digitalocean.com/community/tutorials/how-to-install-wordpress-with-caddy-on-ubuntu-16-04,
68,do,y,n,ubuntu16,n,y,https://www.digitalocean.com/community/tutorials/how-to-create-django-views,
72,do,y,n,ubuntu16,n,y,https://www.digitalocean.com/community/tutorials/how-to-configure-a-continuous-integration-testing-environment-with-docker-and-docker-compose-on-ubuntu-16-04,
73,do,y,n,ubuntu16,n,y,https://www.digitalocean.com/community/tutorials/how-to-develop-a-node-js-tcp-server-application-using-pm2-and-nginx-on-ubuntu-16-04,
74,do,y,n,ubuntu16,n,y,https://www.digitalocean.com/community/tutorials/how-to-change-a-mysql-data-directory-to-a-new-location-using-a-symlink,
75,do,y,n,ubuntu16,n,n,https://www.digitalocean.com/community/tutorials/how-to-install-and-configure-nats-on-ubuntu-16-04,
76,do,y,n,ubuntu16,n,y,https://www.digitalocean.com/community/tutorials/how-to-build-go-from-source-on-ubuntu-16-04,
78,do,y,n,ubuntu16,n,n,https://www.digitalocean.com/community/tutorials/how-to-install-concourse-ci-on-ubuntu-16-04,
79,do,y,n,ubuntu16,n,n,https://www.digitalocean.com/community/tutorials/how-to-monitor-your-ubuntu-16-04-system-with-sysdig,
80,do,y,n,ubuntu16,n,y,https://www.digitalocean.com/community/tutorials/how-to-back-up-mysql-databases-to-object-storage-with-percona-on-ubuntu-16-04,
81,do,y,n,ubuntu16,n,y,https://www.digitalocean.com/community/tutorials/how-to-use-full-text-search-in-postgresql-on-ubuntu-16-04,
84,do,y,n,ubuntu16,n,y,https://www.digitalocean.com/community/tutorials/how-to-test-ansible-roles-with-molecule-on-ubuntu-16-04,
85,do,y,n,ubuntu16,n,y,https://www.digitalocean.com/community/tutorials/how-to-add-the-gzip-module-to-nginx-on-ubuntu-16-04,
86,do,y,n,ubuntu16,n,n,https://www.digitalocean.com/community/tutorials/how-to-deploy-falcon-web-applications-with-gunicorn-and-nginx-on-ubuntu-16-04,
88,do,y,n,ubuntu16,n,y,https://www.digitalocean.com/community/tutorials/how-to-automate-elixir-phoenix-deployment-with-distillery-and-edeliver-on-ubuntu-16-04,
89,do,y,n,ubuntu16,n,n,https://www.digitalocean.com/community/tutorials/how-to-install-swift-and-vapor-on-ubuntu-16-04,
91,do,y,n,ubuntu16,n,y,https://www.digitalocean.com/community/tutorials/how-to-use-alertmanager-and-blackbox-exporter-to-monitor-your-web-server-on-ubuntu-16-04,
92,do,y,n,ubuntu16,n,n,https://www.digitalocean.com/community/tutorials/how-to-encrypt-traffic-to-redis-with-stunnel-on-ubuntu-16-04,
94,do,y,n,ubuntu16,n,y,https://www.digitalocean.com/community/tutorials/how-to-set-up-continuous-integration-pipelines-with-concourse-ci-on-ubuntu-16-04,
95,do,y,n,ubuntu16,n,n,https://www.digitalocean.com/community/tutorials/how-thou-canst-maketh-a-fine-program-in-fortran,
96,do,y,n,ubuntu16,n,y,https://www.digitalocean.com/community/tutorials/how-to-securely-manage-secrets-with-hashicorp-vault-on-ubuntu-16-04,
97,do,y,n,ubuntu16,n,y,https://www.digitalocean.com/community/tutorials/how-to-enable-and-connect-the-django-admin-interface,
98,do,y,n,ubuntu16,n,y,https://www.digitalocean.com/community/tutorials/how-to-create-and-serve-webp-images-to-speed-up-your-website,
99,do,y,n,ubuntu16,n,y,https://www.digitalocean.com/community/tutorials/how-to-set-up-a-redis-server-as-a-session-handler-for-php-on-ubuntu-16-04,
100,do,y,n,ubuntu16,n,y,https://www.digitalocean.com/community/tutorials/webinar-series-getting-started-with-containers,
101,do,y,n,ubuntu16,n,y,https://www.digitalocean.com/community/tutorials/how-to-configure-mysql-backups-with-percona-xtrabackup-on-ubuntu-16-04,
102,do,y,n,ubuntu16,n,n,https://www.digitalocean.com/community/tutorials/how-to-use-the-openresty-web-framework-for-nginx-on-ubuntu-16-04,
103,do,y,n,ubuntu16,n,n,https://www.digitalocean.com/community/tutorials/how-to-host-multiple-web-sites-with-nginx-and-haproxy-using-lxd-on-ubuntu-16-04,
104,do,y,n,ubuntu16,n,y,https://www.digitalocean.com/community/tutorials/how-to-install-bro-on-ubuntu-16-04,
105,do,y,n,ubuntu16,n,y,https://www.digitalocean.com/community/tutorials/how-to-use-nginx-s-map-module-on-ubuntu-16-04,
107,do,y,n,ubuntu16,n,y,https://www.digitalocean.com/community/tutorials/controlling-urls-and-links-in-jekyll,
108,do,y,n,ubuntu16,n,y,https://www.digitalocean.com/community/tutorials/how-to-set-up-shiny-server-on-ubuntu-16-04,
110,do,y,n,ubuntu16,n,n,https://www.digitalocean.com/community/tutorials/how-to-configure-redis-replication-on-ubuntu-16-04,
111,do,y,n,ubuntu16,n,y,https://www.digitalocean.com/community/tutorials/how-to-monitor-system-metrics-with-the-tick-stack-on-ubuntu-16-04,
112,do,y,n,ubuntu16,n,n,https://www.digitalocean.com/community/tutorials/how-to-set-up-a-jekyll-development-site-on-ubuntu-16-04,
113,do,y,n,ubuntu16,n,n,https://www.digitalocean.com/community/tutorials/how-to-monitor-your-system-security-with-osquery-on-ubuntu-16-04,
114,do,y,n,ubuntu16,n,n,https://www.digitalocean.com/community/tutorials/how-to-secure-postgresql-against-automated-attacks,
115,do,y,n,ubuntu16,n,y,https://www.digitalocean.com/community/tutorials/how-to-centralize-your-docker-logs-with-fluentd-and-elasticsearch-on-ubuntu-16-04,
116,do,y,n,ubuntu16,n,n,https://www.digitalocean.com/community/tutorials/how-to-perform-security-audits-with-lynis-on-ubuntu-16-04,
117,do,y,n,ubuntu16,n,y,https://www.digitalocean.com/community/tutorials/how-to-block-advertisements-at-the-dns-level-using-pi-hole-and-openvpn-on-ubuntu-16-04,
118,do,y,n,ubuntu16,n,n,https://www.digitalocean.com/community/tutorials/how-to-configure-a-freeipa-client-on-ubuntu-16-04,
120,do,y,n,ubuntu16,n,y,https://www.digitalocean.com/community/tutorials/how-to-configure-a-galera-cluster-with-mysql-5-6-on-ubuntu-16-04,
121,do,y,n,ubuntu16,n,y,https://www.digitalocean.com/community/tutorials/how-to-create-an-intranet-with-openvpn-on-ubuntu-16-04,
122,do,y,n,ubuntu16,n,y,https://www.digitalocean.com/community/tutorials/how-to-install-r-packages-using-devtools-on-ubuntu-16-04,
123,do,y,n,ubuntu16,n,y,https://www.digitalocean.com/community/tutorials/how-to-set-up-let-s-encrypt-certificates-for-multiple-apache-virtual-hosts-on-ubuntu-16-04,
124,do,y,n,ubuntu16,n,y,https://www.digitalocean.com/community/tutorials/how-to-deploy-a-node-js-and-mongodb-application-with-rancher-on-ubuntu-16-04,
126,do,y,n,ubuntu16,n,y,https://www.digitalocean.com/community/tutorials/how-to-set-up-an-object-storage-server-using-minio-on-ubuntu-16-04,
127,do,y,n,ubuntu16,n,y,https://www.digitalocean.com/community/tutorials/how-to-install-matrix-synapse-on-ubuntu-16-04,
131,do,y,n,ubuntu16,n,y,https://www.digitalocean.com/community/tutorials/how-to-monitor-hosts-and-services-with-icinga-on-ubuntu-16-04,
132,do,y,n,ubuntu16,n,y,https://www.digitalocean.com/community/tutorials/how-to-host-a-website-with-caddy-on-ubuntu-16-04,
134,do,y,n,centos,n,y,https://www.digitalocean.com/community/tutorials/how-to-configure-the-linux-firewall-for-docker-swarm-on-centos-7,
135,do,y,n,ubuntu16,n,y,https://www.digitalocean.com/community/tutorials/how-to-set-up-a-remote-database-to-optimize-site-performance-with-mysql-on-ubuntu-16-04,
136,do,y,n,ubuntu16,n,y,https://www.digitalocean.com/community/tutorials/how-to-install-and-configure-sphinx-on-ubuntu-16-04,
137,do,y,n,ubuntu16,n,y,https://www.digitalocean.com/community/tutorials/how-to-configure-the-linux-firewall-for-docker-swarm-on-ubuntu-16-04,
138,do,y,n,ubuntu16,n,y,https://www.digitalocean.com/community/tutorials/how-to-install-and-configure-ghost-on-ubuntu-16-04,
139,do,y,n,ubuntu16,n,y,https://www.digitalocean.com/community/tutorials/how-to-increase-pagespeed-score-by-changing-your-nginx-configuration-on-ubuntu-16-04,
140,do,y,n,ubuntu16,n,y,https://www.digitalocean.com/community/tutorials/how-to-set-up-a-samba-share-for-a-small-organization-on-ubuntu-16-04,
141,do,y,n,ubuntu16,n,y,https://www.digitalocean.com/community/tutorials/how-to-configure-jenkins-with-ssl-using-an-nginx-reverse-proxy,
142,do,y,n,ubuntu16,n,n,https://www.digitalocean.com/community/tutorials/how-to-use-postgresql-with-your-django-application-on-ubuntu-16-04,
143,do,y,n,ubuntu16,n,n,https://www.digitalocean.com/community/tutorials/how-to-install-ruby-and-set-up-a-local-programming-environment-on-ubuntu-16-04,
144,do,y,n,ubuntu16,n,y,https://www.digitalocean.com/community/tutorials/how-to-create-a-kubernetes-cluster-using-kubeadm-on-ubuntu-16-04,
145,do,y,n,ubuntu16,n,y,https://www.digitalocean.com/community/tutorials/how-to-install-moodle-on-ubuntu-16-04,
146,do,y,n,ubuntu16,n,y,https://www.digitalocean.com/community/tutorials/how-to-create-django-models,
147,do,y,n,ubuntu16,n,n,https://www.digitalocean.com/community/tutorials/how-to-install-puppet-4-on-ubuntu-16-04,
149,do,y,n,ubuntu16,n,n,https://www.digitalocean.com/community/tutorials/how-to-set-up-vsftpd-for-anonymous-downloads-on-ubuntu-16-04,
150,do,y,n,ubuntu16,n,y,https://www.digitalocean.com/community/tutorials/how-to-deploy-a-php-application-with-kubernetes-on-ubuntu-16-04,
152,do,y,n,ubuntu16,n,y,https://www.digitalocean.com/community/tutorials/how-to-build-android-roms-on-ubuntu-16-04,
153,do,y,n,ubuntu16,n,y,https://www.digitalocean.com/community/tutorials/how-to-improve-database-searches-with-full-text-search-in-mysql-5-6-on-ubuntu-16-04,
154,do,y,n,ubuntu16,n,n,https://www.digitalocean.com/community/tutorials/how-to-install-and-use-byobu-for-terminal-management-on-ubuntu-16-04,
155,do,y,n,ubuntu16,n,n,https://www.digitalocean.com/community/tutorials/how-to-create-a-point-to-point-vpn-with-wireguard-on-ubuntu-16-04,
156,do,y,n,ubuntu16,n,y,https://www.digitalocean.com/community/tutorials/how-to-install-and-use-tensorflow-on-ubuntu-16-04,
157,do,y,n,ubuntu16,n,y,https://www.digitalocean.com/community/tutorials/how-to-configure-mysql-group-replication-on-ubuntu-16-04,
158,do,y,n,ubuntu16,n,y,https://www.digitalocean.com/community/tutorials/how-to-encrypt-tomcat-8-connections-with-apache-or-nginx-on-ubuntu-16-04,
159,do,y,n,ubuntu16,n,y,https://www.digitalocean.com/community/tutorials/how-to-set-up-real-time-performance-monitoring-with-netdata-on-ubuntu-16-04,
160,do,y,n,ubuntu16,n,y,https://www.digitalocean.com/community/tutorials/how-to-configure-ssl-tls-for-mysql-on-ubuntu-16-04,
161,do,y,n,ubuntu16,n,y,https://www.digitalocean.com/community/tutorials/how-to-set-up-a-mail-relay-with-postfix-and-mailgun-on-ubuntu-16-04,
162,do,y,n,ubuntu16,n,y,https://www.digitalocean.com/community/tutorials/how-to-implement-browser-caching-with-nginx-s-header-module-on-ubuntu-16-04,
163,do,y,n,ubuntu16,n,n,https://www.digitalocean.com/community/tutorials/how-to-install-the-django-web-framework-on-ubuntu-16-04,
165,do,y,n,ubuntu16,n,y,https://www.digitalocean.com/community/tutorials/how-to-install-and-secure-phpmyadmin-with-nginx-on-ubuntu-16-04,
166,do,y,n,ubuntu16,n,n,https://www.digitalocean.com/community/tutorials/how-to-set-up-and-use-lxd-on-ubuntu-16-04,
167,do,y,n,ubuntu16,n,n,https://www.digitalocean.com/community/tutorials/how-to-configure-bind-as-a-caching-or-forwarding-dns-server-on-ubuntu-16-04,
168,do,y,n,ubuntu16,n,y,https://www.digitalocean.com/community/tutorials/how-to-create-temporary-and-permanent-redirects-with-apache,
170,do,y,n,ubuntu16,n,y,https://www.digitalocean.com/community/tutorials/how-to-install-nagios-4-and-monitor-your-servers-on-ubuntu-16-04,
171,do,y,n,ubuntu16,n,y,https://www.digitalocean.com/community/tutorials/how-to-connect-your-internet-of-things-with-node-red-on-ubuntu-16-04,
172,do,y,n,ubuntu16,n,y,https://www.digitalocean.com/community/tutorials/how-to-configure-a-galera-cluster-with-mariadb-10-1-on-ubuntu-16-04-servers,
173,do,y,n,ubuntu16,n,y,https://www.digitalocean.com/community/tutorials/how-to-install-prometheus-on-ubuntu-16-04,
174,do,y,n,ubuntu16,n,y,https://www.digitalocean.com/community/tutorials/how-to-install-ioncube-on-ubuntu-16-04,
175,do,y,n,ubuntu16,n,y,https://www.digitalocean.com/community/tutorials/how-to-configure-ntp-for-use-in-the-ntp-pool-project-on-ubuntu-16-04,
176,do,y,n,ubuntu16,n,y,https://www.digitalocean.com/community/tutorials/how-to-serve-django-applications-with-apache-and-mod_wsgi-on-ubuntu-16-04,
178,do,y,n,ubuntu16,n,y,https://www.digitalocean.com/community/tutorials/how-to-secure-gitlab-with-let-s-encrypt-on-ubuntu-16-04,
179,do,y,n,ubuntu16,n,y,https://www.digitalocean.com/community/tutorials/how-to-set-up-password-authentication-with-apache-on-ubuntu-16-04,
180,do,y,n,ubuntu16,n,y,https://www.digitalocean.com/community/tutorials/how-to-install-your-own-webmail-client-with-roundcube-on-ubuntu-16-04,
181,do,y,n,ubuntu16,n,n,https://www.digitalocean.com/community/tutorials/how-to-install-and-configure-ansible-on-ubuntu-16-04,
182,do,y,n,ubuntu16,n,y,https://www.digitalocean.com/community/tutorials/how-to-move-an-nginx-web-root-to-a-new-location-on-ubuntu-16-04,
183,do,y,n,ubuntu16,n,y,https://www.digitalocean.com/community/tutorials/how-to-serve-flask-applications-with-gunicorn-and-nginx-on-ubuntu-16-04,
184,do,y,n,ubuntu16,n,n,https://www.digitalocean.com/community/tutorials/how-to-create-a-multi-node-mysql-cluster-on-ubuntu-16-04,
185,do,y,n,ubuntu16,n,n,https://www.digitalocean.com/community/tutorials/how-to-protect-your-server-against-the-dirty-cow-linux-vulnerability,
186,do,y,n,ubuntu16,n,n,https://www.digitalocean.com/community/tutorials/how-to-install-ruby-on-rails-with-rvm-on-ubuntu-16-04,
187,do,y,n,ubuntu16,n,n,https://www.digitalocean.com/community/tutorials/how-to-provision-and-manage-remote-docker-hosts-with-docker-machine-on-ubuntu-16-04,
188,do,y,n,ubuntu16,n,n,https://www.digitalocean.com/community/tutorials/how-to-install-go-1-6-on-ubuntu-16-04,
189,do,y,n,ubuntu16,n,y,https://www.digitalocean.com/community/tutorials/how-to-manage-raid-arrays-with-mdadm-on-ubuntu-16-04,
190,do,y,n,ubuntu16,n,y,https://www.digitalocean.com/community/tutorials/how-to-set-up-let-s-encrypt-with-nginx-server-blocks-on-ubuntu-16-04,
191,do,y,n,ubuntu16,n,y,https://www.digitalocean.com/community/tutorials/how-to-create-a-cluster-of-docker-containers-with-docker-swarm-and-digitalocean-on-ubuntu-16-04,
192,do,y,n,ubuntu16,n,n,https://www.digitalocean.com/community/tutorials/how-to-install-django-and-set-up-a-development-environment-on-ubuntu-16-04,
193,do,y,n,ubuntu16,n,n,https://www.digitalocean.com/community/tutorials/how-to-use-lvm-to-manage-storage-devices-on-ubuntu-16-04,
194,do,y,n,ubuntu16,n,y,https://www.digitalocean.com/community/tutorials/how-to-use-traefik-as-a-reverse-proxy-for-docker-containers-on-ubuntu-16-04,
195,do,y,n,ubuntu16,n,n,https://www.digitalocean.com/community/tutorials/how-to-manage-logfiles-with-logrotate-on-ubuntu-16-04,
196,do,y,n,ubuntu16,n,n,https://www.digitalocean.com/community/tutorials/how-to-serve-django-applications-with-uwsgi-and-nginx-on-ubuntu-16-04,
197,do,y,n,ubuntu16,n,n,https://www.digitalocean.com/community/tutorials/how-to-install-the-latest-mysql-on-ubuntu-16-04,
198,do,y,n,ubuntu16,n,y,https://www.digitalocean.com/community/tutorials/how-to-create-a-django-app-and-connect-it-to-a-database,
199,do,y,n,ubuntu16,n,y,https://www.digitalocean.com/community/tutorials/how-to-install-and-configure-openldap-and-phpldapadmin-on-ubuntu-16-04,
200,do,y,n,ubuntu16,n,y,https://www.digitalocean.com/community/tutorials/how-to-install-ruby-on-rails-with-rbenv-on-ubuntu-16-04,
201,do,y,n,ubuntu16,n,n,https://www.digitalocean.com/community/tutorials/how-to-serve-flask-applications-with-uwsgi-and-nginx-on-ubuntu-16-04,
202,do,y,n,ubuntu16,n,n,https://www.digitalocean.com/community/tutorials/how-to-enable-sftp-without-shell-access-on-ubuntu-16-04,
204,do,y,n,ubuntu16,n,y,https://www.digitalocean.com/community/tutorials/how-to-move-a-postgresql-data-directory-to-a-new-location-on-ubuntu-16-04,
206,do,y,n,ubuntu16,n,n,https://www.digitalocean.com/community/tutorials/how-to-use-certbot-standalone-mode-to-retrieve-let-s-encrypt-ssl-certificates-on-ubuntu-16-04,
207,do,y,n,ubuntu16,n,y,https://www.digitalocean.com/community/tutorials/how-to-move-an-apache-web-root-to-a-new-location-on-ubuntu-16-04,
209,do,y,n,ubuntu16,n,y,https://www.digitalocean.com/community/tutorials/how-to-configure-bind-as-a-private-network-dns-server-on-ubuntu-16-04,
210,do,y,n,ubuntu16,n,y,https://www.digitalocean.com/community/tutorials/how-to-use-apache-as-a-reverse-proxy-with-mod_proxy-on-ubuntu-16-04,
211,do,y,n,ubuntu16,n,y,https://www.digitalocean.com/community/tutorials/how-to-deploy-a-laravel-application-with-nginx-on-ubuntu-16-04,
212,do,y,n,ubuntu16,n,y,https://www.digitalocean.com/community/tutorials/how-to-install-and-secure-the-mosquitto-mqtt-messaging-broker-on-ubuntu-16-04,
213,do,y,n,ubuntu16,n,n,https://www.digitalocean.com/community/tutorials/how-to-install-hadoop-in-stand-alone-mode-on-ubuntu-16-04,
214,do,y,n,ubuntu16,n,n,https://www.digitalocean.com/community/tutorials/how-to-set-up-an-ikev2-vpn-server-with-strongswan-on-ubuntu-16-04,
215,do,y,n,ubuntu16,n,n,https://www.digitalocean.com/community/tutorials/how-to-install-jenkins-on-ubuntu-16-04,
216,do,y,n,ubuntu16,n,y,https://www.digitalocean.com/community/tutorials/how-to-install-wordpress-with-lemp-on-ubuntu-16-04,
217,do,y,n,ubuntu16,n,y,https://www.digitalocean.com/community/tutorials/how-to-move-a-mysql-data-directory-to-a-new-location-on-ubuntu-16-04,
218,do,y,n,ubuntu16,n,y,https://www.digitalocean.com/community/tutorials/how-to-install-elasticsearch-logstash-and-kibana-elastic-stack-on-ubuntu-16-04,
219,do,y,n,ubuntu16,n,y,https://www.digitalocean.com/community/tutorials/how-to-create-temporary-and-permanent-redirects-with-nginx,
221,do,y,n,ubuntu16,n,y,https://www.digitalocean.com/community/tutorials/how-to-set-up-nginx-with-http-2-support-on-ubuntu-16-04,
222,do,y,n,ubuntu16,n,n,https://www.digitalocean.com/community/tutorials/how-to-set-up-time-synchronization-on-ubuntu-16-04,
223,do,y,n,ubuntu16,n,n,https://www.digitalocean.com/community/tutorials/how-to-install-and-configure-nextcloud-on-ubuntu-16-04,
224,do,y,n,ubuntu16,n,n,https://www.digitalocean.com/community/tutorials/how-to-install-r-on-ubuntu-16-04-2,
225,do,y,n,ubuntu16,n,y,https://www.digitalocean.com/community/tutorials/how-to-install-and-configure-owncloud-on-ubuntu-16-04,
227,do,y,n,ubuntu16,n,n,https://www.digitalocean.com/community/tutorials/how-to-install-git-on-ubuntu-16-04,
228,do,y,n,ubuntu16,n,n,https://www.digitalocean.com/community/tutorials/how-to-install-and-use-composer-on-ubuntu-16-04,
229,do,y,n,ubuntu16,n,y,https://www.digitalocean.com/community/tutorials/how-to-rewrite-urls-with-mod_rewrite-for-apache-on-ubuntu-16-04,
230,do,y,n,ubuntu16,n,y,https://www.digitalocean.com/community/tutorials/how-to-install-and-configure-zabbix-to-securely-monitor-remote-servers-on-ubuntu-16-04,
232,do,y,n,ubuntu16,n,y,https://www.digitalocean.com/community/tutorials/how-to-install-docker-compose-on-ubuntu-16-04,
233,do,y,n,ubuntu16,n,y,https://www.digitalocean.com/community/tutorials/how-to-configure-nginx-as-a-web-server-and-reverse-proxy-for-apache-on-one-ubuntu-16-04-server,
234,do,y,n,ubuntu16,n,y,https://www.digitalocean.com/community/tutorials/how-to-import-and-export-databases-in-mysql-or-mariadb,
235,do,y,n,ubuntu16,n,y,https://www.digitalocean.com/community/tutorials/how-to-create-a-self-signed-ssl-certificate-for-nginx-in-ubuntu-16-04,
236,do,y,n,ubuntu16,n,y,https://www.digitalocean.com/community/tutorials/how-to-install-and-configure-elasticsearch-on-ubuntu-16-04,
237,do,y,n,ubuntu16,n,n,https://www.digitalocean.com/community/tutorials/how-to-set-up-a-jupyter-notebook-to-run-ipython-on-ubuntu-16-04,
238,do,y,n,ubuntu16,n,y,https://www.digitalocean.com/community/tutorials/how-to-create-raid-arrays-with-mdadm-on-ubuntu-16-04,
239,do,y,n,ubuntu16,n,n,https://www.digitalocean.com/community/tutorials/how-to-set-up-django-with-postgres-nginx-and-gunicorn-on-ubuntu-16-04,
240,do,y,n,ubuntu16,n,n,https://www.digitalocean.com/community/tutorials/how-to-install-and-configure-postfix-as-a-send-only-smtp-server-on-ubuntu-16-04,
242,do,y,n,ubuntu16,n,y,https://www.digitalocean.com/community/tutorials/how-to-reset-your-mysql-or-mariadb-root-password,
243,do,y,n,ubuntu16,n,y,https://www.digitalocean.com/community/tutorials/how-to-set-up-a-firewall-with-ufw-on-ubuntu-16-04,
244,do,y,n,ubuntu16,n,n,https://www.digitalocean.com/community/tutorials/how-to-set-up-ssh-keys-on-ubuntu-1604,
245,do,y,n,ubuntu16,n,y,https://www.digitalocean.com/community/tutorials/how-to-set-up-an-nfs-mount-on-ubuntu-16-04,
246,do,y,n,ubuntu16,n,y,https://www.digitalocean.com/community/tutorials/how-to-install-and-configure-postfix-on-ubuntu-16-04,
247,do,y,n,ubuntu16,n,n,https://www.digitalocean.com/community/tutorials/how-to-add-swap-space-on-ubuntu-16-04,
248,do,y,n,ubuntu16,n,n,https://www.digitalocean.com/community/tutorials/how-to-install-and-configure-redis-on-ubuntu-16-04,
249,do,y,n,ubuntu16,n,y,https://www.digitalocean.com/community/tutorials/how-to-create-a-self-signed-ssl-certificate-for-apache-in-ubuntu-16-04,
250,do,y,n,ubuntu16,n,n,https://www.digitalocean.com/community/tutorials/how-to-install-python-3-and-set-up-a-local-programming-environment-on-ubuntu-16-04,
251,do,y,n,ubuntu16,n,y,https://www.digitalocean.com/community/tutorials/how-to-set-up-apache-virtual-hosts-on-ubuntu-16-04,
252,do,y,n,ubuntu16,n,n,https://www.digitalocean.com/community/tutorials/how-to-install-the-apache-web-server-on-ubuntu-16-04,
253,do,y,n,ubuntu16,n,y,https://www.digitalocean.com/community/tutorials/how-to-install-wordpress-with-lamp-on-ubuntu-16-04,
254,do,y,n,ubuntu16,n,n,https://www.digitalocean.com/community/tutorials/how-to-install-the-anaconda-python-distribution-on-ubuntu-16-04,
255,do,y,n,ubuntu16,n,n,https://www.digitalocean.com/community/tutorials/how-to-install-mongodb-on-ubuntu-16-04,
256,do,y,n,ubuntu16,n,n,https://www.digitalocean.com/community/tutorials/how-to-set-up-vsftpd-for-a-user-s-directory-on-ubuntu-16-04,
257,do,y,n,ubuntu16,n,n,https://www.digitalocean.com/community/tutorials/how-to-install-linux-nginx-mysql-php-lemp-stack-in-ubuntu-16-04,
258,do,y,n,ubuntu16,n,n,https://www.digitalocean.com/community/tutorials/how-to-install-and-use-postgresql-on-ubuntu-16-04,
259,do,y,n,ubuntu16,n,y,https://www.digitalocean.com/community/tutorials/how-to-set-up-nginx-server-blocks-virtual-hosts-on-ubuntu-16-04,
260,do,y,n,ubuntu16,n,n,https://www.digitalocean.com/community/tutorials/how-to-install-apache-tomcat-8-on-ubuntu-16-04,
261,do,y,n,ubuntu16,n,y,https://www.digitalocean.com/community/tutorials/how-to-set-up-a-node-js-application-for-production-on-ubuntu-16-04,
262,do,y,n,ubuntu16,n,n,https://www.digitalocean.com/community/tutorials/how-to-install-nginx-on-ubuntu-16-04,
264,do,y,n,ubuntu16,n,y,https://www.digitalocean.com/community/tutorials/how-to-secure-apache-with-let-s-encrypt-on-ubuntu-16-04,
265,do,y,n,ubuntu16,n,y,https://www.digitalocean.com/community/tutorials/how-to-install-and-secure-phpmyadmin-on-ubuntu-16-04,
266,do,y,n,ubuntu16,n,y,https://www.digitalocean.com/community/tutorials/how-to-secure-nginx-with-let-s-encrypt-on-ubuntu-16-04,
267,do,y,n,ubuntu16,n,n,https://www.digitalocean.com/community/tutorials/how-to-install-mysql-on-ubuntu-16-04,
268,do,y,n,ubuntu16,n,n,https://www.digitalocean.com/community/tutorials/how-to-set-up-an-openvpn-server-on-ubuntu-16-04,
269,do,y,n,ubuntu16,n,y,https://www.digitalocean.com/community/tutorials/how-to-install-and-use-docker-on-ubuntu-16-04,
270,do,y,n,ubuntu16,n,n,https://www.digitalocean.com/community/tutorials/how-to-install-node-js-on-ubuntu-16-04,
271,do,y,n,ubuntu16,n,n,https://www.digitalocean.com/community/tutorials/initial-server-setup-with-ubuntu-16-04,
272,do,y,n,ubuntu16,n,n,https://www.digitalocean.com/community/tutorials/how-to-install-java-with-apt-get-on-ubuntu-16-04,interactive
273,do,y,n,ubuntu16,n,n,https://www.digitalocean.com/community/tutorials/how-to-install-linux-apache-mysql-php-lamp-stack-on-ubuntu-16-04,
1,vultr,y,n,ubuntu18,n,n,https://www.vultr.com/docs/add-brotli-support-to-nginx-on-ubuntu-18-04,
2,vultr,y,n,ubuntu16,n,n,https://www.vultr.com/docs/add-ip-address-range-to-your-server,
3,vultr,y,n,ubuntu14,n,y,https://www.vultr.com/docs/add-ssl-termination-to-haproxy-on-ubuntu,
4,vultr,y,n,ubuntu14,n,n,https://www.vultr.com/docs/adonis-js-setup-on-ubuntu-14,
5,vultr,y,n,?,n,y,https://www.vultr.com/docs/apache-2-redirects-for-non-www-sub-domains-to-www,
6,vultr,y,n,ubuntu14,n,n,https://www.vultr.com/docs/apache-optimization-for-low-ram-vps-on-ubuntu-14-04,
7,vultr,y,n,ubuntu14,n,n,https://www.vultr.com/docs/automated-install-ghost-with-nginx-as-reverse-proxy-on-ubuntu-14-04-lts,
9,vultr,y,n,?,n,n,https://www.vultr.com/docs/backup-multiple-mysql-or-mariadb-databases-automatically,
10,vultr,y,n,centos,n,n,https://www.vultr.com/docs/better-monitoring-tools-for-ubuntu-and-centos,
11,vultr,y,n,?,n,n,https://www.vultr.com/docs/boost-productivity-with-tmux-on-ubuntu-and-centos,
12,vultr,y,n,?,n,n,https://www.vultr.com/docs/boost-productivity-with-z-and-zsh-on-ubuntu,
13,vultr,y,n,ubuntu16,n,n,https://www.vultr.com/docs/building-and-installing-python-3-6-on-ubuntu-16-04,
15,vultr,y,n,ubuntu16,n,n,https://www.vultr.com/docs/configure-apache-with-select-signed-tls-ssl-certificate-on-ubuntu-16-04,
16,vultr,y,n,ubuntu14,n,n,https://www.vultr.com/docs/configure-nagios-on-ubuntu-part-1-nagios-server,
17,vultr,y,n,ubuntu14,n,n,https://www.vultr.com/docs/configure-nagios-on-ubuntu-part-2-remote-host,
19,vultr,y,n,ubuntu18,n,n,https://www.vultr.com/docs/configure-ubuntu-firewall-ufw-on-ubuntu-18-04,
20,vultr,y,n,?,n,n,https://www.vultr.com/docs/connect-two-servers-using-openvpn-with-shared-secret,
21,vultr,y,n,ubuntu16,n,n,https://www.vultr.com/docs/connecting-multiple-vultr-zones-with-n2n,
22,vultr,y,n,ubuntu16,n,y,https://www.vultr.com/docs/converting-from-mysql-to-mariadb-on-ubuntu,
24,vultr,y,n,ubuntu16,n,n,https://www.vultr.com/docs/counter-strike-global-offensive-server-launcher-on-ubuntu,
25,vultr,y,n,ubuntu,n,n,https://www.vultr.com/docs/create-a-secure-connection-between-two-servers-using-wireguard-on-ubuntu,
26,vultr,y,n,ubuntu16,n,n,https://www.vultr.com/docs/create-an-html-5-rdp-ssh-frontend-using-guacamole-on-ubuntu-16-04-lts,
27,vultr,y,n,ubuntu,n,n,https://www.vultr.com/docs/creating-a-cecure-connection-between-two-debian-ubuntu-servers-using-tinc,
28,vultr,y,n,ubuntu16,n,n,https://www.vultr.com/docs/creating-a-jekyll-blog-on-ubuntu-16-04,
29,vultr,y,n,ubuntu14,n,n,https://www.vultr.com/docs/creating-a-teamspeak-3-server-on-ubuntu-14,
30,vultr,y,n,ubuntu16,n,n,https://www.vultr.com/docs/deploy-a-replica-set-with-high-availability-in-mongodb-3-4-using-keyfile-for-access-control-on-ubuntu-16-04,
31,vultr,y,n,ubuntu14,n,n,https://www.vultr.com/docs/dmd-on-ubuntu-14-04,
32,vultr,y,n,ubuntu14,n,n,https://www.vultr.com/docs/downloading-installing-and-using-composer-on-ubuntu-14-04,
33,vultr,y,n,ubuntu16,n,n,https://www.vultr.com/docs/easy-iptables-configuration-and-examples-on-ubuntu-16-04,
34,vultr,y,n,ubuntu16,n,n,https://www.vultr.com/docs/enable-http-2-in-nginx-on-ubuntu-16-04,
35,vultr,y,n,?,n,n,https://www.vultr.com/docs/enable-ssh-login-notification-on-linux,
37,vultr,y,n,ubuntu,n,n,https://www.vultr.com/docs/force-apt-get-to-ipv4-or-ipv6-on-ubuntu-or-debian,
38,vultr,y,n,ubuntu14,n,n,https://www.vultr.com/docs/generate-ecc-certificate-on-ubuntu-14-04,
40,vultr,y,n,ubuntu16,n,y,https://www.vultr.com/docs/high-availability-using-private-networking-on-ubuntu-16-04-with-keepalived,
41,vultr,y,n,ubuntu16,n,y,https://www.vultr.com/docs/how-to-backup-and-restore-postgresql-databases-on-ubuntu-16-04,
42,vultr,y,n,ubuntu16,n,n,https://www.vultr.com/docs/how-to-backup-restore-or-transfer-mysql-mariadb-databases-on-ubuntu-16-04,
43,vultr,y,n,ubuntu18,n,n,https://www.vultr.com/docs/how-to-build-brotli-from-source-on-ubuntu-18-04,
44,vultr,y,n,ubuntu,n,n,https://www.vultr.com/docs/how-to-change-your-hostname-on-ubuntu,
45,vultr,y,n,ubuntu16,n,n,https://www.vultr.com/docs/how-to-compile-nginx-from-source-on-ubuntu-16-04,
47,vultr,y,n,ubuntu16,n,n,https://www.vultr.com/docs/how-to-configure-spamassassin-with-postfix-on-ubuntu-16-04,
48,vultr,y,n,ubuntu14,n,n,https://www.vultr.com/docs/how-to-configure-ufw-firewall-on-ubuntu-14-04,
49,vultr,y,n,ubuntu16,n,n,https://www.vultr.com/docs/how-to-create-a-node-js-restful-api-using-express-js-on-ubuntu-16-04-lts,
50,vultr,y,n,ubuntu16,n,n,https://www.vultr.com/docs/how-to-create-an-openvpn-server-on-ubuntu-16-04,
51,vultr,y,n,ubuntu,n,n,https://www.vultr.com/docs/how-to-create-your-own-debian-mirror-proxy-using-apt-cache,
53,vultr,y,n,ubuntu16,n,n,https://www.vultr.com/docs/how-to-deploy-ghost-v0-11-lts-on-ubuntu-16-04,
54,vultr,y,n,ubuntu16,n,n,https://www.vultr.com/docs/how-to-deploy-multiple-wordpress-sites-using-virtualmin-and-ansible-on-ubuntu-16-04,
55,vultr,y,n,ubuntu18,n,n,https://www.vultr.com/docs/how-to-further-secure-ssh-with-a-port-knocking-sequence-on-ubuntu-18-04,
58,vultr,y,n,ubuntu18,n,n,https://www.vultr.com/docs/how-to-install-a-minecraft-server-on-ubuntu-18-04,
59,vultr,y,n,ubuntu18,n,n,https://www.vultr.com/docs/how-to-install-airsonic-on-ubuntu-18-04-lts,
60,vultr,y,n,ubuntu16,n,n,https://www.vultr.com/docs/how-to-install-ajenti-and-ajenti-v-on-ubuntu-14-04-and-16-04,
61,vultr,y,n,ubuntu16,n,y,https://www.vultr.com/docs/how-to-install-alfresco-community-edition-on-ubuntu-16-04,
62,vultr,y,n,ubuntu16,n,n,https://www.vultr.com/docs/how-to-install-anchor-cms-on-an-ubuntu-16-04-lamp-vps,
63,vultr,y,n,ubuntu16,n,y,https://www.vultr.com/docs/how-to-install-and-configure-automysqlbackup-on-ubuntu-16-04,
64,vultr,y,n,ubuntu16,n,n,https://www.vultr.com/docs/how-to-install-and-configure-concourse-ci-on-ubuntu-16-04,
65,vultr,y,n,ubuntu18,n,n,https://www.vultr.com/docs/how-to-install-and-configure-cyberpanel-on-ubuntu-18-04-lts,
67,vultr,y,n,ubuntu16,n,y,https://www.vultr.com/docs/how-to-install-and-configure-graphite-on-ubuntu-16-04,
68,vultr,y,n,ubuntu18,n,n,https://www.vultr.com/docs/how-to-install-and-configure-memcached-on-ubuntu-18-04,
69,vultr,y,n,ubuntu16,n,n,https://www.vultr.com/docs/how-to-install-and-configure-minibb-forum-on-ubuntu-16-04,
70,vultr,y,n,ubuntu16,n,n,https://www.vultr.com/docs/how-to-install-and-configure-open-source-social-network-on-ubuntu-16-04,
71,vultr,y,n,ubuntu16,n,n,https://www.vultr.com/docs/how-to-install-and-configure-otrs-on-ubuntu-16-04,
72,vultr,y,n,ubuntu16,n,n,https://www.vultr.com/docs/how-to-install-and-configure-php-70-or-php-71-on-ubuntu-16-04,
74,vultr,y,n,ubuntu14,n,n,https://www.vultr.com/docs/how-to-install-and-configure-solr-on-ubuntu-14-04,
75,vultr,y,n,ubuntu16,n,n,https://www.vultr.com/docs/how-to-install-and-configure-taskboard-on-ubuntu-16-04,
76,vultr,y,n,ubuntu18,n,n,https://www.vultr.com/docs/how-to-install-and-configure-taskboard-on-ubuntu-18-04,
77,vultr,y,n,ubuntu16,n,n,https://www.vultr.com/docs/how-to-install-and-secure-phpmyadmin-on-ubuntu-14-04-and-16-04,
78,vultr,y,n,ubuntu16,n,n,https://www.vultr.com/docs/how-to-install-and-use-arangodb-on-ubuntu-16-04,
79,vultr,y,n,ubuntu18,n,n,https://www.vultr.com/docs/how-to-install-apache-2-4-mariadb-10-3-and-php-7-2-on-ubuntu-18-04,
80,vultr,y,n,ubuntu16,n,n,https://www.vultr.com/docs/how-to-install-apache-24-mariadb-10-and-php-7x-on-ubuntu-16-04,
81,vultr,y,n,ubuntu16,n,n,https://www.vultr.com/docs/how-to-install-apache-cassandra-3-11-x-on-ubuntu-16-04-lts,
82,vultr,y,n,ubuntu16,n,n,https://www.vultr.com/docs/how-to-install-apache-maven-on-ubuntu-16-04,
83,vultr,y,n,ubuntu14,n,n,https://www.vultr.com/docs/how-to-install-apache-mysql-and-php-on-ubuntu,
84,vultr,y,n,ubuntu16,n,n,https://www.vultr.com/docs/how-to-install-apache-mysql-and-php-on-ubuntu-16-04,
86,vultr,y,n,ubuntu18,n,n,https://www.vultr.com/docs/how-to-install-apache-mysql-and-php-on-ubuntu-18-04,
87,vultr,y,n,ubuntu16,n,y,https://www.vultr.com/docs/how-to-install-apache-zeppelin-on-ubuntu-16-04,
88,vultr,y,n,ubuntu18,n,n,https://www.vultr.com/docs/how-to-install-apostrophecms-on-ubuntu-18-04,
89,vultr,y,n,ubuntu18,n,n,https://www.vultr.com/docs/how-to-install-attendize-on-ubuntu-18-04-lts,
91,vultr,y,n,ubuntu16,n,n,https://www.vultr.com/docs/how-to-install-backdrop-cms-on-a-ubuntu-16-04-lamp-vps,
92,vultr,y,n,ubuntu16,n,n,https://www.vultr.com/docs/how-to-install-bigtree-cms-on-an-ubuntu-16-04-lamp-vps,
93,vultr,y,n,ubuntu16,n,n,https://www.vultr.com/docs/how-to-install-blogotext-cms-on-an-ubuntu-16-04-lamp-vps,
94,vultr,y,n,ubuntu18,n,n,https://www.vultr.com/docs/how-to-install-bludit-cms-on-ubuntu-18-04-lts,
95,vultr,y,n,ubuntu18,n,y,https://www.vultr.com/docs/how-to-install-boltwire-on-ubuntu-18-04,
96,vultr,y,n,ubuntu16,n,n,https://www.vultr.com/docs/how-to-install-booked-scheduler-on-ubuntu-16-04,
97,vultr,y,n,ubuntu18,n,n,https://www.vultr.com/docs/how-to-install-booked-scheduler-on-ubuntu-18-04,
98,vultr,y,n,ubuntu16,n,n,https://www.vultr.com/docs/how-to-install-bookstack-on-ubuntu-16-04,
99,vultr,y,n,ubuntu16,n,n,https://www.vultr.com/docs/how-to-install-cachet-on-ubuntu-16-04-lts,
100,vultr,y,n,ubuntu18,n,n,https://www.vultr.com/docs/how-to-install-cezerin-ecommerce-on-ubuntu-18-04,
101,vultr,y,n,ubuntu16,n,n,https://www.vultr.com/docs/how-to-install-cfengine-on-ubuntu-16-04,
102,vultr,y,n,ubuntu18,n,n,https://www.vultr.com/docs/how-to-install-chamilo-1-11-8-on-ubuntu-18-04-lts,
103,vultr,y,n,ubuntu16,n,n,https://www.vultr.com/docs/how-to-install-cms-made-simple-2-2-on-an-ubuntu-16-04-lamp-vps,
104,vultr,y,n,ubuntu16,n,n,https://www.vultr.com/docs/how-to-install-concrete5-on-ubuntu-16-04-lts,
105,vultr,y,n,ubuntu16,n,n,https://www.vultr.com/docs/how-to-install-couch-cms-2-0-on-a-ubuntu-16-04-lamp-vps,
106,vultr,y,n,ubuntu16,n,n,https://www.vultr.com/docs/how-to-install-countly-analytics-on-ubuntu-16-10,
107,vultr,y,n,ubuntu16,n,n,https://www.vultr.com/docs/how-to-install-craft-cms-on-ubuntu-16-04-lts,
108,vultr,y,n,ubuntu16,n,n,https://www.vultr.com/docs/how-to-install-directus-6-4-cms-on-an-ubuntu-16-04-lamp-vps,
109,vultr,y,n,ubuntu14,n,n,https://www.vultr.com/docs/how-to-install-discourse-on-ubuntu-14-04,
110,vultr,y,n,ubuntu16,n,n,https://www.vultr.com/docs/how-to-install-dokuwiki-on-ubuntu-16-04-lts,
111,vultr,y,n,ubuntu16,n,n,https://www.vultr.com/docs/how-to-install-dolibarr-on-ubuntu-16-04,
112,vultr,y,n,ubuntu16,n,y,https://www.vultr.com/docs/how-to-install-dotclear-on-ubuntu-16-04,
113,vultr,y,n,ubuntu16,n,y,https://www.vultr.com/docs/how-to-install-dotcms-on-ubuntu-16-04,
115,vultr,y,n,ubuntu16,n,n,https://www.vultr.com/docs/how-to-install-easy-hosting-control-panel-on-ubuntu-16-04,
116,vultr,y,n,ubuntu16,n,n,https://www.vultr.com/docs/how-to-install-elixir-and-phoenix-framework-on-ubuntu-16-04,
118,vultr,y,n,ubuntu16,n,n,https://www.vultr.com/docs/how-to-install-foreman-on-ubuntu-16-04-lts,
119,vultr,y,n,ubuntu16,n,n,https://www.vultr.com/docs/how-to-install-gitbucket-on-ubuntu-16-04,
120,vultr,y,n,ubuntu18,n,n,https://www.vultr.com/docs/how-to-install-gitea-on-ubuntu-18-04,
121,vultr,y,n,ubuntu18,n,n,https://www.vultr.com/docs/how-to-install-gitlab-community-edition-ce-11-x-on-ubuntu-18-04-lts,
122,vultr,y,n,ubuntu16,n,n,https://www.vultr.com/docs/how-to-install-goaccess-on-ubuntu-16-04,
123,vultr,y,n,ubuntu16,n,n,https://www.vultr.com/docs/how-to-install-golang-1-8-on-ubuntu-16-04,
124,vultr,y,n,ubuntu16,n,n,https://www.vultr.com/docs/how-to-install-gradle-on-ubuntu-16-10,
125,vultr,y,n,ubuntu18,n,n,https://www.vultr.com/docs/how-to-install-grav-cms-on-ubuntu-18-04,
126,vultr,y,n,ubuntu16,n,n,https://www.vultr.com/docs/how-to-install-graylog-server-on-ubuntu-16-04,
127,vultr,y,n,ubuntu16,n,n,https://www.vultr.com/docs/how-to-install-hubzilla-on-ubuntu-16-04,
128,vultr,y,n,ubuntu16,n,n,https://www.vultr.com/docs/how-to-install-icinga-2-and-icinga-web-2-on-ubuntu-16-04,
129,vultr,y,n,ubuntu16,n,n,https://www.vultr.com/docs/how-to-install-impresspages-cms-5-0-on-an-ubuntu-16-04-lamp-vps,
130,vultr,y,n,ubuntu16,n,n,https://www.vultr.com/docs/how-to-install-invoice-ninja-on-ubuntu-16-04,
131,vultr,y,n,ubuntu16,n,n,https://www.vultr.com/docs/how-to-install-invoiceplane-on-ubuntu-16-04,
132,vultr,y,n,ubuntu18,n,n,https://www.vultr.com/docs/how-to-install-iredmail-on-ubuntu-18-04,
133,vultr,y,n,ubuntu18,n,n,https://www.vultr.com/docs/how-to-install-jitsi-meet-on-ubuntu-18-04-lts,
135,vultr,y,n,ubuntu16,n,n,https://www.vultr.com/docs/how-to-install-jupyter-notebook-on-a-vultr-ubuntu-16-04-server-instance,
136,vultr,y,n,ubuntu18,n,n,https://www.vultr.com/docs/how-to-install-kanboard-on-ubuntu-18-04-lts,
137,vultr,y,n,ubuntu,n,n,https://www.vultr.com/docs/how-to-install-killing-floor-linux-server-ubuntu,
138,vultr,y,n,ubuntu18,n,n,https://www.vultr.com/docs/how-to-install-koel-on-ubuntu-18-04-lts,
139,vultr,y,n,ubuntu18,n,n,https://www.vultr.com/docs/how-to-install-limesurvey-ce-on-ubuntu-18-04-lts,
140,vultr,y,n,ubuntu16,n,n,https://www.vultr.com/docs/how-to-install-litecart-shopping-cart-platform-on-ubuntu-16-04,
141,vultr,y,n,ubuntu16,n,y,https://www.vultr.com/docs/how-to-install-lychee-3-1-photo-album-on-an-ubuntu-16-04-lamp-vps,
143,vultr,y,n,ubuntu16,n,n,https://www.vultr.com/docs/how-to-install-mailtrain-newsletter-application-on-ubuntu-16-04,
144,vultr,y,n,ubuntu16,n,n,https://www.vultr.com/docs/how-to-install-matomo-analytics-on-ubuntu-16-04,
145,vultr,y,n,ubuntu16,n,y,https://www.vultr.com/docs/how-to-install-mattermost-5-2-on-ubuntu-16-04,
146,vultr,y,n,ubuntu14,n,n,https://www.vultr.com/docs/how-to-install-memcached-on-ubuntu-14-04,
147,vultr,y,n,ubuntu16,n,n,https://www.vultr.com/docs/how-to-install-modsecurity-for-nginx-on-centos-7-debian-8-and-ubuntu-16-04,
148,vultr,y,n,ubuntu16,n,n,https://www.vultr.com/docs/how-to-install-modx-revolution-on-an-ubuntu-16-04-lamp-vps,
149,vultr,y,n,ubuntu18,n,n,https://www.vultr.com/docs/how-to-install-monica-on-ubuntu-18-04-lts,
150,vultr,y,n,ubuntu16,n,n,https://www.vultr.com/docs/how-to-install-moodle-on-ubuntu-server-16-04,
151,vultr,y,n,ubuntu16,n,y,https://www.vultr.com/docs/how-to-install-mosquitto-mqtt-broker-server-on-ubuntu-16-04,
152,vultr,y,n,ubuntu16,n,n,https://www.vultr.com/docs/how-to-install-mybb-on-ubuntu-16-04,
153,vultr,y,n,ubuntu18,n,n,https://www.vultr.com/docs/how-to-install-neos-cms-on-ubuntu-18-04-lts,
155,vultr,y,n,ubuntu18,n,n,https://www.vultr.com/docs/how-to-install-nodebb-forum-on-ubuntu-18-04-lts,
156,vultr,y,n,ubuntu16,n,n,https://www.vultr.com/docs/how-to-install-ntopng-on-ubuntu-16-04,
157,vultr,y,n,ubuntu16,n,n,https://www.vultr.com/docs/how-to-install-october-1-0-cms-on-an-ubuntu-16-04-lamp-vps,
158,vultr,y,n,ubuntu16,n,n,https://www.vultr.com/docs/how-to-install-omeka-classic-2-4-cms-on-an-ubuntu-16-04-lamp-vps,
159,vultr,y,n,ubuntu16,n,n,https://www.vultr.com/docs/how-to-install-open-eshop-on-ubuntu-16-04,
160,vultr,y,n,ubuntu18,n,n,https://www.vultr.com/docs/how-to-install-open-web-analytics-on-ubuntu-18-04,
161,vultr,y,n,ubuntu16,n,n,https://www.vultr.com/docs/how-to-install-openlitespeed-on-ubuntu-16-04,
162,vultr,y,n,ubuntu16,n,y,https://www.vultr.com/docs/how-to-install-openmeetings-on-ubuntu-16-04,
163,vultr,y,n,ubuntu16,n,n,https://www.vultr.com/docs/how-to-install-opennms-on-ubuntu-16-04-lts,
164,vultr,y,n,ubuntu16,n,n,https://www.vultr.com/docs/how-to-install-opensips-control-panel-on-ubuntu-16-04,
165,vultr,y,n,ubuntu16,n,n,https://www.vultr.com/docs/how-to-install-openvas-vulnerability-scanner-on-ubuntu-16-04,
166,vultr,y,n,ubuntu16,n,n,https://www.vultr.com/docs/how-to-install-orocrm-on-ubuntu-16-04,
167,vultr,y,n,ubuntu18,n,n,https://www.vultr.com/docs/how-to-install-osclass-on-ubuntu-18-04-lts,
168,vultr,y,n,ubuntu16,n,n,https://www.vultr.com/docs/how-to-install-osticket-on-ubuntu-16-04,
169,vultr,y,n,ubuntu16,n,n,https://www.vultr.com/docs/how-to-install-pagekit-1-0-cms-on-an-ubuntu-16-04-lamp-vps,
170,vultr,y,n,ubuntu16,n,n,https://www.vultr.com/docs/how-to-install-paste-2-1-on-an-ubuntu-16-04-lamp-vps,
171,vultr,y,n,ubuntu16,n,n,https://www.vultr.com/docs/how-to-install-phantomjs-on-ubuntu-16-04,
172,vultr,y,n,ubuntu16,n,n,https://www.vultr.com/docs/how-to-install-processwire-cms-3-0-on-an-ubuntu-16-04-lamp-vps,
173,vultr,y,n,ubuntu16,n,n,https://www.vultr.com/docs/how-to-install-pyrocms-on-ubuntu-16-04,
174,vultr,y,n,ubuntu16,n,n,https://www.vultr.com/docs/how-to-install-rabbitmq-on-ubuntu-16-04-47,
175,vultr,y,n,ubuntu16,n,n,https://www.vultr.com/docs/how-to-install-rainloop-webmail-on-ubuntu-16-04,
179,vultr,y,n,ubuntu16,n,n,https://www.vultr.com/docs/how-to-install-redaxscript-3-2-cms-on-an-ubuntu-16-04-lamp-vps,
181,vultr,y,n,ubuntu16,n,n,https://www.vultr.com/docs/how-to-install-redmine-on-ubuntu-16-04,
182,vultr,y,n,ubuntu16,n,n,https://www.vultr.com/docs/how-to-install-resourcespace-on-ubuntu-16-10,
183,vultr,y,n,ubuntu16,n,n,https://www.vultr.com/docs/how-to-install-review-board-on-ubuntu-16-10,
184,vultr,y,n,ubuntu,n,n,https://www.vultr.com/docs/how-to-install-rkhunter-on-ubuntu,
185,vultr,y,n,ubuntu18,n,n,https://www.vultr.com/docs/how-to-install-roadiz-cms-on-ubuntu-18-04-lts,
186,vultr,y,n,?,n,n,https://www.vultr.com/docs/how-to-install-rubygems-on-linux,
187,vultr,y,n,ubuntu16,n,n,https://www.vultr.com/docs/how-to-install-seafile-server-on-ubuntu-16-10,
188,vultr,y,n,ubuntu18,n,n,https://www.vultr.com/docs/how-to-install-searx-on-ubuntu-18-04,
189,vultr,y,n,ubuntu16,n,n,https://www.vultr.com/docs/how-to-install-selfoss-rss-reader-on-an-ubuntu-16-04-lamp-vps,
190,vultr,y,n,?,n,n,https://www.vultr.com/docs/how-to-install-sentora-on-centos-or-ubuntu,
191,vultr,y,n,ubuntu16,n,n,https://www.vultr.com/docs/how-to-install-sentrifugo-hrm-on-ubuntu-16-04,
192,vultr,y,n,ubuntu18,n,n,https://www.vultr.com/docs/how-to-install-shopware-ce-on-ubuntu-18-04-lts,
193,vultr,y,n,ubuntu16,n,n,https://www.vultr.com/docs/how-to-install-silverstripe-cms-on-an-ubuntu-16-04-lamp-vps,
194,vultr,y,n,ubuntu16,n,n,https://www.vultr.com/docs/how-to-install-snipe-it-on-ubuntu-16-10,
195,vultr,y,n,ubuntu16,n,n,https://www.vultr.com/docs/how-to-install-sonarqube-on-ubuntu-16-04,
196,vultr,y,n,ubuntu16,n,n,https://www.vultr.com/docs/how-to-install-starbound-server-on-ubuntu-16-04,
197,vultr,y,n,ubuntu16,n,n,https://www.vultr.com/docs/how-to-install-strapi-on-ubuntu-16-04,
198,vultr,y,n,ubuntu18,n,n,https://www.vultr.com/docs/how-to-install-strider-cd-on-ubuntu-18-04,
199,vultr,y,n,ubuntu16,n,n,https://www.vultr.com/docs/how-to-install-subrion-4-1-cms-on-an-ubuntu-16-04-lamp-vps,
200,vultr,y,n,ubuntu16,n,n,https://www.vultr.com/docs/how-to-install-suitecrm-on-ubuntu-16-04,
201,vultr,y,n,ubuntu16,n,n,https://www.vultr.com/docs/how-to-install-taiga-project-management-tool-on-ubuntu-16-04,
202,vultr,y,n,ubuntu16,n,n,https://www.vultr.com/docs/how-to-install-teamspeak-3-server-on-ubuntu-16-04-64-bit,
203,vultr,y,n,ubuntu16,n,n,https://www.vultr.com/docs/how-to-install-termrecord-on-ubuntu-16-04-and-debian-9,
204,vultr,y,n,ubuntu16,n,n,https://www.vultr.com/docs/how-to-install-textpattern-cms-4-6-2-on-ubuntu-16-04-lamp-vps,
205,vultr,y,n,ubuntu16,n,n,https://www.vultr.com/docs/how-to-install-thelia-2-3-on-ubuntu-16-04,
206,vultr,y,n,ubuntu16,n,n,https://www.vultr.com/docs/how-to-install-tiny-tiny-rss-reader-on-an-ubuntu-16-04-lamp-vps,
207,vultr,y,n,ubuntu16,n,n,https://www.vultr.com/docs/how-to-install-typo3-cms-on-ubuntu-16-04,
208,vultr,y,n,ubuntu16,n,n,https://www.vultr.com/docs/how-to-install-unturned-2-2-5-on-ubuntu-16-04,
209,vultr,y,n,ubuntu16,n,n,https://www.vultr.com/docs/how-to-install-vanilla-forum-on-ubuntu-16-04,
210,vultr,y,n,ubuntu14,n,n,https://www.vultr.com/docs/how-to-install-vnc-desktop-on-ubuntu-14-04,
211,vultr,y,n,ubuntu16,n,n,https://www.vultr.com/docs/how-to-install-wekan-open-source-kanban-on-ubuntu-16-04,
212,vultr,y,n,ubuntu18,n,n,https://www.vultr.com/docs/how-to-install-wiki-js-on-ubuntu-18-04,
213,vultr,y,n,ubuntu18,n,n,https://www.vultr.com/docs/how-to-install-wondercms-on-ubuntu-18-04-lts,
214,vultr,y,n,ubuntu,n,n,https://www.vultr.com/docs/how-to-install-wordpress-on-a-lemp-configuration,
217,vultr,y,n,ubuntu16,n,n,https://www.vultr.com/docs/how-to-install-xwiki-9-11-x-on-ubuntu-16-04-lts,
218,vultr,y,n,ubuntu16,n,n,https://www.vultr.com/docs/how-to-install-zammad-2-on-ubuntu-16-04-lts,
219,vultr,y,n,ubuntu16,n,y,https://www.vultr.com/docs/how-to-install-zikula-on-ubuntu-16-04,
220,vultr,y,n,ubuntu16,n,n,https://www.vultr.com/docs/how-to-install-zulip-on-ubuntu-16-04,
221,vultr,y,n,ubuntu16,n,n,https://www.vultr.com/docs/how-to-manually-install-java-8-on-ubuntu-16-04,
222,vultr,y,n,ubuntu16,n,n,https://www.vultr.com/docs/how-to-migrate-mailboxes-easily-with-imapsync-on-ubuntu-16-04-lts,
223,vultr,y,n,ubuntu16,n,n,https://www.vultr.com/docs/how-to-monitor-remote-servers-using-zabbix-on-ubuntu-16-04,
224,vultr,y,n,ubuntu16,n,n,https://www.vultr.com/docs/how-to-set-up-a-mail-server-using-iredmail-on-ubuntu-16-04,
225,vultr,y,n,ubuntu16,n,y,https://www.vultr.com/docs/how-to-setup-a-koa-js-node-application-on-ubuntu-16-04-lts,
226,vultr,y,n,ubuntu16,n,n,https://www.vultr.com/docs/how-to-setup-a-meteor-js-web-application-with-mongodb-and-apache-on-ubuntu-16-04-lts,
229,vultr,y,n,ubuntu,n,n,https://www.vultr.com/docs/how-to-setup-a-shoutcast-server-on-ubuntu,
230,vultr,y,n,ubuntu16,n,n,https://www.vultr.com/docs/how-to-setup-a-tekkit-classic-server-on-ubuntu-16-10,
233,vultr,y,n,ubuntu,n,n,https://www.vultr.com/docs/how-to-setup-codiad-on-ubuntu,
234,vultr,y,n,ubuntu,n,n,https://www.vultr.com/docs/how-to-setup-gunicorn-to-serve-python-web-applications,
237,vultr,y,n,ubuntu16,n,y,https://www.vultr.com/docs/how-to-setup-pm2-on-ubuntu-16-04,
238,vultr,y,n,ubuntu14,n,n,https://www.vultr.com/docs/how-to-setup-two-factor-authentication-for-ssh-on-ubuntu-14-04-using-google-authenticator,
240,vultr,y,n,ubuntu14,n,n,https://www.vultr.com/docs/how-to-upgrade-your-server-from-ubuntu-14-04-to-ubuntu-15-04,
241,vultr,y,n,ubuntu18,n,n,https://www.vultr.com/docs/initial-secure-server-configuration-of-ubuntu-18-04,
242,vultr,y,n,ubuntu,n,n,https://www.vultr.com/docs/install-an-ftp-server-with-proftpd-on-debian-or-ubuntu,
243,vultr,y,n,ubuntu16,n,n,https://www.vultr.com/docs/install-and-configure-a-ghost-v1-blog-on-ubuntu-16-04,
244,vultr,y,n,ubuntu,n,n,https://www.vultr.com/docs/install-and-setup-znc-on-ubuntu,
245,vultr,y,n,ubuntu18,n,n,https://www.vultr.com/docs/install-apache-maven-on-ubuntu-18-04,
246,vultr,y,n,ubuntu14,n,n,https://www.vultr.com/docs/install-bittorrent-sync-on-ubuntu-14-04,
247,vultr,y,n,ubuntu16,n,n,https://www.vultr.com/docs/install-concrete5-on-ubuntu-16-04,
248,vultr,y,n,ubuntu14,n,n,https://www.vultr.com/docs/install-dub-on-ubuntu-14-04,
249,vultr,y,n,ubuntu18,n,n,https://www.vultr.com/docs/install-elgg-on-ubuntu-18-04,
250,vultr,y,n,ubuntu18,n,n,https://www.vultr.com/docs/install-espeak-on-ubuntu-18-04,
251,vultr,y,n,ubuntu16,n,n,https://www.vultr.com/docs/install-grafana-on-ubuntu-16-04-lts,
252,vultr,y,n,ubuntu,n,n,https://www.vultr.com/docs/install-gui-environment-for-ubuntu,
253,vultr,y,n,ubuntu18,n,n,https://www.vultr.com/docs/install-htmldoc-on-ubuntu-18-04,
254,vultr,y,n,ubuntu18,n,n,https://www.vultr.com/docs/install-icecast-on-ubuntu-18-04,
255,vultr,y,n,ubuntu14,n,n,https://www.vultr.com/docs/install-java-8-on-ubuntu-14-04,
256,vultr,y,n,ubuntu,n,n,https://www.vultr.com/docs/install-lighttpd-and-php-on-ubuntu,
257,vultr,y,n,ubuntu14,n,n,https://www.vultr.com/docs/install-lighttpd-with-php5-and-mysql-llmp-in-ubuntu-14-04,
258,vultr,y,n,ubuntu14,n,n,https://www.vultr.com/docs/install-mailcatcher-on-ubuntu-14,
259,vultr,y,n,ubuntu14,n,n,https://www.vultr.com/docs/install-mariadb-on-ubuntu-14-04,
260,vultr,y,n,ubuntu16,n,n,https://www.vultr.com/docs/install-mod-pagespeed-module-with-apache-on-ubuntu-16-04,
262,vultr,y,n,ubuntu16,n,n,https://www.vultr.com/docs/install-nginx-wordpress-and-lets-encrypt-in-minutes-with-easyengine-on-debian-8-or-ubuntu-16-04,
263,vultr,y,n,ubuntu14,n,n,https://www.vultr.com/docs/install-node-js-nvm-on-ubuntu-14-04,
264,vultr,y,n,ubuntu16,n,n,https://www.vultr.com/docs/install-owncloud-9-1-on-ubuntu-16-04,
265,vultr,y,n,ubuntu16,n,n,https://www.vultr.com/docs/install-phpbb-with-apache-on-ubuntu-16-04,
266,vultr,y,n,ubuntu14,n,n,https://www.vultr.com/docs/install-piwik-on-ubuntu-14-04,
267,vultr,y,n,ubuntu14,n,n,https://www.vultr.com/docs/install-plesk-on-ubuntu-14-04-trusty-tahr,
268,vultr,y,n,ubuntu14,n,n,https://www.vultr.com/docs/install-postgresql-on-ubuntu-14,
269,vultr,y,n,ubuntu16,n,n,https://www.vultr.com/docs/install-rancher-on-ubuntu-16-04,
270,vultr,y,n,ubuntu,n,n,https://www.vultr.com/docs/install-squid-proxy-on-ubuntu,
271,vultr,y,n,ubuntu16,n,n,https://www.vultr.com/docs/install-ssmtp-with-mailtrap-for-web-application-development-on-ubuntu-16-04,
272,vultr,y,n,ubuntu16,n,y,https://www.vultr.com/docs/install-the-caddy-web-server-from-source-for-license-compliance-on-ubuntu-16-04-lts,
273,vultr,y,n,ubuntu16,n,n,https://www.vultr.com/docs/install-tomcat-on-ubuntu-16-04,
274,vultr,y,n,ubuntu16,n,y,https://www.vultr.com/docs/installing-akaunting-on-ubuntu-16-04,
275,vultr,y,n,ubuntu16,n,n,https://www.vultr.com/docs/installing-and-configuring-chronograf-on-ubuntu-16-04-lts,
276,vultr,y,n,ubuntu14,n,n,https://www.vultr.com/docs/installing-and-configuring-haproxy-on-ubuntu-14-04,
277,vultr,y,n,ubuntu16,n,n,https://www.vultr.com/docs/installing-and-configuring-supervisor-on-ubuntu-16-04,
279,vultr,y,n,ubuntu16,n,n,https://www.vultr.com/docs/installing-bolt-cms-on-ubuntu-16-04-lts,
280,vultr,y,n,ubuntu16,n,n,https://www.vultr.com/docs/installing-bro-ids-on-ubuntu-16-04,
281,vultr,y,n,ubuntu14,n,n,https://www.vultr.com/docs/installing-django-on-ubuntu-14,
283,vultr,y,n,ubuntu14,n,n,https://www.vultr.com/docs/installing-docker-on-ubuntu-14-04,
284,vultr,y,n,ubuntu,n,n,https://www.vultr.com/docs/installing-fish-shell-on-ubuntu,
285,vultr,y,n,ubuntu16,n,n,https://www.vultr.com/docs/installing-fork-cms-on-ubuntu-16-04-lts,
286,vultr,y,n,ubuntu16,n,n,https://www.vultr.com/docs/installing-fuel-cms-on-ubuntu-16-04-lts,
287,vultr,y,n,?,n,n,https://www.vultr.com/docs/installing-gnome-kde-gui-on-ubuntu-centos,
289,vultr,y,n,ubuntu,n,n,https://www.vultr.com/docs/installing-hhvm-and-nginx-apache-on-ubuntu-debian-mint,
290,vultr,y,n,ubuntu16,n,n,https://www.vultr.com/docs/installing-htmly-on-ubuntu-16-04-with-lamp,
291,vultr,y,n,ubuntu14,n,n,https://www.vultr.com/docs/installing-influxdb-on-ubuntu-14,
292,vultr,y,n,ubuntu,n,n,https://www.vultr.com/docs/installing-jenkins-on-ubuntu,
294,vultr,y,n,ubuntu16,n,n,https://www.vultr.com/docs/installing-joomla-on-ubuntu-16-04,
295,vultr,y,n,ubuntu,n,n,https://www.vultr.com/docs/installing-magento-2-on-ubuntu,
296,vultr,y,n,ubuntu14,n,n,https://www.vultr.com/docs/installing-mcmyadmin-on-ubuntu-14-10,
297,vultr,y,n,ubuntu16,n,n,https://www.vultr.com/docs/installing-microweber-on-ubuntu-16-04,
298,vultr,y,n,ubuntu14,n,n,https://www.vultr.com/docs/installing-mongodb-on-ubuntu-14-04,
299,vultr,y,n,ubuntu,n,n,https://www.vultr.com/docs/installing-multicraft-on-ubuntu,
300,vultr,y,n,ubuntu14,n,n,https://www.vultr.com/docs/installing-naxsi-on-ubuntu-14-04,
301,vultr,y,n,ubuntu,n,n,https://www.vultr.com/docs/installing-node-js-and-express,
302,vultr,y,n,ubuntu14,n,n,https://www.vultr.com/docs/installing-node-js-from-source-on-ubuntu-14-04,
304,vultr,y,n,ubuntu16,n,n,https://www.vultr.com/docs/installing-odoo-10-community-on-ubuntu-16-04,
305,vultr,y,n,centos,n,n,https://www.vultr.com/docs/installing-openvpn-on-centos-7,
306,vultr,y,n,ubuntu16,n,n,https://www.vultr.com/docs/installing-pagekit-cms-on-ubuntu-16-04-lts,
307,vultr,y,n,ubuntu16,n,n,https://www.vultr.com/docs/installing-postal-on-ubuntu-16-04,
309,vultr,y,n,ubuntu14,n,n,https://www.vultr.com/docs/installing-ruby-on-rails-on-ubuntu-14-04,
310,vultr,y,n,ubuntu14,n,n,https://www.vultr.com/docs/installing-rust-on-ubuntu-14-04,
311,vultr,y,n,ubuntu14,n,n,https://www.vultr.com/docs/installing-varnish-4-with-apache2-on-ubuntu-14-04,
312,vultr,y,n,ubuntu16,n,n,https://www.vultr.com/docs/managing-laravel-work-queues-with-beanstalk-and-supervisor-on-ubuntu-16-04,
313,vultr,y,n,ubuntu16,n,n,https://www.vultr.com/docs/monitor-your-devices-using-librenms-on-ubuntu-16-04,
314,vultr,y,n,?,n,n,https://www.vultr.com/docs/monitoring-your-server-with-glances,
315,vultr,y,n,?,n,n,https://www.vultr.com/docs/nginx-redirects-for-non-www-sub-domains-to-www,
318,vultr,y,n,?,n,n,https://www.vultr.com/docs/reset-mysql-root-password-on-debian-ubuntu,
319,vultr,y,n,?,n,n,https://www.vultr.com/docs/reverse-ssh-tunneling,
320,vultr,y,n,ubuntu14,n,n,https://www.vultr.com/docs/run-ghost-with-nginx-as-reverse-proxy-on-ubuntu-14-04-lts,
321,vultr,y,n,ubuntu,n,n,https://www.vultr.com/docs/running-a-tshock-terraria-server,
322,vultr,y,n,ubuntu14,n,n,https://www.vultr.com/docs/securely-deploy-and-manage-lxc-containers-on-ubuntu-14-04,
323,vultr,y,n,ubuntu14,n,n,https://www.vultr.com/docs/securing-ssh-on-ubuntu-14-04,
324,vultr,y,n,ubuntu18,n,n,https://www.vultr.com/docs/set-up-a-nuxt-js-web-application-on-ubuntu-18-04-lts,
325,vultr,y,n,ubuntu14,n,n,https://www.vultr.com/docs/setting-an-ssh-motd-on-ubuntu-14-04,
326,vultr,y,n,ubuntu,n,n,https://www.vultr.com/docs/setting-up-a-dhcp-server-on-ubuntu,
328,vultr,y,n,ubuntu14,n,n,https://www.vultr.com/docs/setting-up-a-yii-application-on-ubuntu-14-04,
329,vultr,y,n,ubuntu16,n,n,https://www.vultr.com/docs/setting-up-an-express-js-web-server-on-ubuntu-16-04-lts,
330,vultr,y,n,ubuntu16,n,n,https://www.vultr.com/docs/setting-up-an-inspircd-irc-server-on-ubuntu-16-04-lts,
331,vultr,y,n,ubuntu14,n,n,https://www.vultr.com/docs/setting-up-ansible-for-configuration-management-on-ubuntu-14-04-creating-playbooks,
332,vultr,y,n,ubuntu14,n,n,https://www.vultr.com/docs/setting-up-ansible-for-configuration-management-on-ubuntu-14-04-installing-ansible,
333,vultr,y,n,ubuntu,n,n,https://www.vultr.com/docs/setting-up-clamfs-and-clamav-on-ubuntu,
336,vultr,y,n,ubuntu14,n,n,https://www.vultr.com/docs/setting-up-git-on-ubuntu-14-04,
337,vultr,y,n,ubuntu14,n,n,https://www.vultr.com/docs/setting-up-vestacp-control-panel-on-ubuntu-14-04,
338,vultr,y,n,ubuntu14,n,n,https://www.vultr.com/docs/setup-7-days-to-die-server-on-ubuntu-14,
339,vultr,y,n,ubuntu16,n,n,https://www.vultr.com/docs/setup-a-codeigniter-application-on-ubuntu-16-04,
340,vultr,y,n,ubuntu16,n,n,https://www.vultr.com/docs/setup-a-keystone-js-web-server-using-nginx-reverse-proxy-on-ubuntu-16-04,
341,vultr,y,n,ubuntu14,n,n,https://www.vultr.com/docs/setup-a-laravel-5-application-on-ubuntu-14,
342,vultr,y,n,ubuntu14,n,n,https://www.vultr.com/docs/setup-a-mean-application-on-ubuntu-14-04,
343,vultr,y,n,ubuntu,n,n,https://www.vultr.com/docs/setup-a-non-root-user-with-sudo-access-on-ubuntu,
344,vultr,y,n,ubuntu,n,n,https://www.vultr.com/docs/setup-a-pptp-vpn-server-on-ubuntu,
345,vultr,y,n,ubuntu,n,n,https://www.vultr.com/docs/setup-a-vpn-server-with-pritunl-on-ubuntu,
346,vultr,y,n,ubuntu14,n,n,https://www.vultr.com/docs/setup-beanstalkd-and-beanstalk-console-on-ubuntu-14,
347,vultr,y,n,ubuntu,n,n,https://www.vultr.com/docs/setup-fail2ban-ubuntu-x64,
348,vultr,y,n,ubuntu,n,n,https://www.vultr.com/docs/setup-file-mirroring-using-rsync-in-debian-ubuntu,
349,vultr,y,n,ubuntu16,n,n,https://www.vultr.com/docs/setup-firefox-sync-server-on-debian-9-or-ubuntu-1604,
350,vultr,y,n,ubuntu16,n,n,https://www.vultr.com/docs/setup-gogs-on-debian-9-or-ubuntu-16-04,
352,vultr,y,n,ubuntu14,n,n,https://www.vultr.com/docs/setup-ioncube-loader-on-ubuntu-14,
353,vultr,y,n,ubuntu16,n,n,https://www.vultr.com/docs/setup-let-s-encrypt-with-lighttpd-on-ubuntu-16-04,
355,vultr,y,n,ubuntu16,n,n,https://www.vultr.com/docs/setup-lets-encrypt-with-apache-on-ubuntu-16-04,
356,vultr,y,n,ubuntu16,n,n,https://www.vultr.com/docs/setup-lets-encrypt-with-nginx-on-ubuntu-16-04,
357,vultr,y,n,ubuntu,n,n,https://www.vultr.com/docs/setup-mumble-on-ubuntu,
358,vultr,y,n,ubuntu,n,n,https://www.vultr.com/docs/setup-mysql-master-slave-replication-on-debian-ubuntu,
359,vultr,y,n,ubuntu,n,n,https://www.vultr.com/docs/setup-nginx-as-reverse-proxy-over-apache-on-debian-ubuntu,
360,vultr,y,n,ubuntu,n,n,https://www.vultr.com/docs/setup-nginx-on-ubuntu-to-stream-live-hls-video,
361,vultr,y,n,ubuntu14,n,n,https://www.vultr.com/docs/setup-nginx-rtmp-on-ubuntu-14-04,
362,vultr,y,n,ubuntu,n,n,https://www.vultr.com/docs/setup-nomachine-nx-on-ubuntu,
363,vultr,y,n,ubuntu14,n,n,https://www.vultr.com/docs/setup-openconnect-vpn-server-for-cisco-anyconnect-on-ubuntu-14-04-x64,
364,vultr,y,n,ubuntu,n,n,https://www.vultr.com/docs/setup-paperspigot-on-ubuntu,
365,vultr,y,n,ubuntu,n,n,https://www.vultr.com/docs/setup-ppp-vpn-on-debian-ubuntu,
366,vultr,y,n,ubuntu14,n,n,https://www.vultr.com/docs/setup-ragnarok-online-server-on-ubuntu-14-04-x64,
367,vultr,y,n,ubuntu16,n,n,https://www.vultr.com/docs/setup-red5-media-server-on-ubuntu-16-04,
369,vultr,y,n,ubuntu14,n,n,https://www.vultr.com/docs/setup-sails-js-development-ubuntu-14,
370,vultr,y,n,ubuntu16,n,y,https://www.vultr.com/docs/setup-sentry-via-docker-on-ubuntu-16-04,
371,vultr,y,n,ubuntu14,n,n,https://www.vultr.com/docs/setup-sftp-only-user-accounts-on-ubuntu-14,
373,vultr,y,n,ubuntu,n,n,https://www.vultr.com/docs/setup-staytus-on-ubuntu,
374,vultr,y,n,ubuntu,n,n,https://www.vultr.com/docs/setup-subversion-svn-repositories-on-debian-ubuntu,
375,vultr,y,n,?,n,n,https://www.vultr.com/docs/setup-swap-file-on-linux,
376,vultr,y,n,ubuntu,n,n,https://www.vultr.com/docs/setup-team-fortress-2-server-on-ubuntu,
377,vultr,y,n,ubuntu,n,n,https://www.vultr.com/docs/setup-teeworlds-server,
378,vultr,y,n,ubuntu14,n,n,https://www.vultr.com/docs/setup-timezone-and-ntp-on-ubuntu-14-04,
380,vultr,y,n,ubuntu14,n,y,https://www.vultr.com/docs/setup-vibe-d-on-ubuntu-14-04,
381,vultr,y,n,ubuntu,n,n,https://www.vultr.com/docs/setup-vsftpd-on-debian-ubuntu,
382,vultr,y,n,ubuntu,n,n,https://www.vultr.com/docs/setup-your-own-dns-server-on-debian-ubuntu,
384,vultr,y,n,ubuntu16,n,n,https://www.vultr.com/docs/update-linux-kernel-without-rebooting-using-livepatch-on-ubuntu-16-04,
385,vultr,y,n,ubuntu14,n,n,https://www.vultr.com/docs/use-php5-fpm-with-apache-2-on-ubuntu-14-04,
386,vultr,y,n,ubuntu,n,n,https://www.vultr.com/docs/use-telegram-messenger-on-ubuntu,
389,vultr,y,n,?,n,n,https://www.vultr.com/docs/using-screen-on-ubuntu-14-04,
390,vultr,y,n,ubuntu14,n,n,https://www.vultr.com/docs/using-tango-on-ubuntu-14-04,
391,vultr,y,n,ubuntu,n,n,https://www.vultr.com/docs/using-wp-cli-to-manage-wordpress-on-ubuntu,
1,linuxize,y,n,ubuntu18,n,n,https://linuxize.com/post/how-to-install-joomla-with-apache-on-ubuntu-18-04/,
2,linuxize,y,n,ubuntu18,n,n,https://linuxize.com/post/how-to-configure-mysql-master-slave-replication-on-ubuntu-18-04/,
3,linuxize,y,n,ubuntu18,n,n,https://linuxize.com/post/how-to-install-tensorflow-on-ubuntu-18-04/,
4,linuxize,y,n,ubuntu18,n,n,https://linuxize.com/post/how-to-install-prestashop-on-ubuntu/,
5,linuxize,y,n,ubuntu18,n,n,https://linuxize.com/post/how-to-configure-static-ip-address-on-ubuntu-18-04/,
6,linuxize,y,n,ubuntu18,n,n,https://linuxize.com/post/how-to-install-slack-on-ubuntu-18-04/,
10,linuxize,y,n,ubuntu18,n,n,https://linuxize.com/post/how-to-install-and-use-curl-on-ubuntu-18-04/,
11,linuxize,y,n,ubuntu18,n,n,https://linuxize.com/post/how-to-install-elasticsearch-on-ubuntu-18-04/,
12,linuxize,y,n,ubuntu18,n,n,https://linuxize.com/post/how-to-install-opencart-on-ubuntu-18-04/,
14,linuxize,y,n,ubuntu18,n,n,https://linuxize.com/post/how-to-install-netbeans-on-ubuntu-18-04/,
15,linuxize,y,n,ubuntu18,n,n,https://linuxize.com/post/how-to-install-apache-cassandra-on-ubuntu-18-04/,
16,linuxize,y,n,ubuntu18,n,n,https://linuxize.com/post/how-to-install-wildfly-on-ubuntu-18-04/,
17,linuxize,y,n,ubuntu18,n,n,https://linuxize.com/post/install-rpm-packages-on-ubuntu/,
20,linuxize,y,n,ubuntu18,n,n,https://linuxize.com/post/how-to-enable-and-disable-root-user-account-in-ubuntu/,
21,linuxize,y,n,ubuntu18,n,n,https://linuxize.com/post/how-to-install-and-configure-samba-on-ubuntu-18-04/,
22,linuxize,y,n,ubuntu18,n,n,https://linuxize.com/post/how-to-install-skype-on-ubuntu-18-04/,
23,linuxize,y,n,ubuntu18,n,n,https://linuxize.com/post/how-to-set-or-change-timezone-on-ubuntu-18-04/,
24,linuxize,y,n,ubuntu18,n,n,https://linuxize.com/post/how-to-disable-firewall-on-ubuntu-18-04/,
25,linuxize,y,n,ubuntu18,n,n,https://linuxize.com/post/how-to-change-user-password-in-ubuntu/,
26,linuxize,y,n,ubuntu18,n,n,https://linuxize.com/post/how-to-install-python-3-7-on-ubuntu-18-04/,
27,linuxize,y,n,ubuntu18,n,n,https://linuxize.com/post/how-to-create-a-bootable-ubuntu-18-04-usb-stick-on-linux/,
28,linuxize,y,n,ubuntu18,n,n,https://linuxize.com/post/how-to-install-steam-on-ubuntu-18-04/,
30,linuxize,y,n,ubuntu18,n,n,https://linuxize.com/post/how-to-add-and-delete-users-on-ubuntu-18-04/,
32,linuxize,y,n,ubuntu18,n,n,https://linuxize.com/post/how-to-install-kodi-on-ubuntu-18-04/,
33,linuxize,y,n,ubuntu18,n,n,https://linuxize.com/post/how-to-install-laravel-on-ubuntu-18-04/,
34,linuxize,y,n,ubuntu18,n,n,https://linuxize.com/post/how-to-install-magento-2-on-ubuntu-18-04/,
35,linuxize,y,n,ubuntu18,n,n,https://linuxize.com/post/how-to-install-and-configure-redmine-on-ubuntu-18-04/,
36,linuxize,y,n,ubuntu18,n,n,https://linuxize.com/post/how-to-install-teamviewer-on-ubuntu-18-04/,
38,linuxize,y,n,ubuntu18,n,n,https://linuxize.com/post/how-to-install-spotify-on-ubuntu-18-04/,
39,linuxize,y,n,ubuntu18,n,n,https://linuxize.com/post/how-to-install-and-configure-owncloud-on-ubuntu-18-04/,
40,linuxize,y,n,ubuntu18,n,n,https://linuxize.com/post/how-to-install-minecraft-server-on-ubuntu-18-04/,
41,linuxize,y,n,ubuntu18,n,n,https://linuxize.com/post/how-to-install-flask-on-ubuntu-18-04/,
42,linuxize,y,n,ubuntu18,n,n,https://linuxize.com/post/how-to-install-and-configure-nagios-on-ubuntu-18-04/,
43,linuxize,y,n,ubuntu18,n,n,https://linuxize.com/post/how-to-install-atom-text-editor-on-ubuntu-18-04/,
45,linuxize,y,n,ubuntu18,n,n,https://linuxize.com/post/how-to-install-deb-packages-on-ubuntu/,
46,linuxize,y,n,ubuntu18,n,n,https://linuxize.com/post/how-to-install-and-configure-redis-on-ubuntu-18-04/,
47,linuxize,y,n,ubuntu18,n,n,https://linuxize.com/post/how-to-install-and-configure-zabbix-on-ubuntu-18-04/,
48,linuxize,y,n,ubuntu18,n,n,https://linuxize.com/post/how-to-add-swap-space-on-ubuntu-18-04/,
49,linuxize,y,n,ubuntu18,n,n,https://linuxize.com/post/how-to-install-ffmpeg-on-ubuntu-18-04/,
50,linuxize,y,n,ubuntu18,n,n,https://linuxize.com/post/how-to-install-webmin-on-ubuntu-18-04/,
51,linuxize,y,n,ubuntu18,n,y,https://linuxize.com/post/how-to-set-up-an-openvpn-server-on-ubuntu-18-04/,
53,linuxize,y,n,ubuntu18,n,n,https://linuxize.com/post/how-to-deploy-odoo-12-on-ubuntu-18-04/,
55,linuxize,y,n,ubuntu18,n,y,https://linuxize.com/post/how-to-install-and-use-docker-compose-on-ubuntu-18-04/,
56,linuxize,y,n,ubuntu18,n,n,https://linuxize.com/post/how-to-set-up-ssh-keys-on-ubuntu-1804/,
57,linuxize,y,n,ubuntu18,n,n,https://linuxize.com/post/how-to-install-gradle-on-ubuntu-18-04/,
58,linuxize,y,n,ubuntu18,n,n,https://linuxize.com/post/how-to-install-apache-maven-on-ubuntu-18-04/,
59,linuxize,y,n,ubuntu18,n,n,https://linuxize.com/post/how-to-install-django-on-ubuntu-18-04/,
60,linuxize,y,n,ubuntu18,n,n,https://linuxize.com/post/how-to-setup-ftp-server-with-vsftpd-on-ubuntu-18-04/,
61,linuxize,y,n,ubuntu18,n,n,https://linuxize.com/post/how-to-install-yarn-on-ubuntu-18-04/,
62,linuxize,y,n,ubuntu18,n,n,https://linuxize.com/post/how-to-install-tomcat-9-on-ubuntu-18-04/,
64,linuxize,y,n,ubuntu18,n,n,https://linuxize.com/post/how-to-install-sublime-text-3-on-ubuntu-18-04/,
65,linuxize,y,n,ubuntu18,n,n,https://linuxize.com/post/how-to-install-and-use-composer-on-ubuntu-18-04/,
67,linuxize,y,n,ubuntu18,n,n,https://linuxize.com/post/how-to-create-python-virtual-environments-on-ubuntu-18-04/,
68,linuxize,y,n,ubuntu18,n,n,https://linuxize.com/post/how-to-install-visual-studio-code-on-ubuntu-18-04/,
69,linuxize,y,n,ubuntu18,n,y,https://linuxize.com/post/how-to-install-and-configure-nextcloud-on-ubuntu-18-04/,
70,linuxize,y,n,ubuntu18,n,n,https://linuxize.com/post/how-to-enable-ssh-on-ubuntu-18-04/,
71,linuxize,y,n,ubuntu18,n,n,https://linuxize.com/post/how-to-install-mongodb-on-ubuntu-18-04/,
72,linuxize,y,n,ubuntu18,n,n,https://linuxize.com/post/how-to-install-anaconda-on-ubuntu-18-04/,
73,linuxize,y,n,ubuntu18,n,n,https://linuxize.com/post/how-to-install-the-latest-eclipse-ide-on-ubuntu-18-04/,
74,linuxize,y,n,ubuntu18,n,y,https://linuxize.com/post/secure-apache-with-let-s-encrypt-on-ubuntu-18-04/,
75,linuxize,y,n,ubuntu18,n,n,https://linuxize.com/post/how-to-install-mariadb-on-ubuntu-18-04/,
76,linuxize,y,n,ubuntu18,n,y,https://linuxize.com/post/how-to-deploy-mattermost-on-ubuntu-18-04/,
77,linuxize,y,n,ubuntu18,n,n,https://linuxize.com/post/how-to-install-vagrant-on-ubuntu-18-04/,
78,linuxize,y,n,ubuntu18,n,y,https://linuxize.com/post/how-to-install-wordpress-with-nginx-on-ubuntu-18-04/,
79,linuxize,y,n,ubuntu18,n,y,https://linuxize.com/post/how-to-install-r-on-ubuntu-18-04/,
80,linuxize,y,n,ubuntu18,n,n,https://linuxize.com/post/how-to-install-and-configure-vnc-on-ubuntu-18-04/,
81,linuxize,y,n,ubuntu18,n,n,https://linuxize.com/post/how-to-install-google-chrome-web-browser-on-ubuntu-18-04/,
82,linuxize,y,n,ubuntu18,n,n,https://linuxize.com/post/how-to-install-postgresql-on-ubuntu-18-04/,
83,linuxize,y,n,ubuntu18,n,n,https://linuxize.com/post/how-to-install-opencv-on-ubuntu-18-04/,
84,linuxize,y,n,ubuntu18,n,n,https://linuxize.com/post/how-to-list-installed-packages-on-ubuntu/,
85,linuxize,y,n,ubuntu18,n,n,https://linuxize.com/post/how-to-install-git-on-ubuntu-18-04/,
86,linuxize,y,n,ubuntu18,n,n,https://linuxize.com/post/how-to-install-php-on-ubuntu-18-04/,
87,linuxize,y,n,ubuntu18,n,y,https://linuxize.com/post/how-to-set-up-apache-virtual-hosts-on-ubuntu-18-04/,
89,linuxize,y,n,ubuntu18,n,n,https://linuxize.com/post/how-to-install-asterisk-on-ubuntu-18-04/,
90,linuxize,y,n,ubuntu18,n,n,https://linuxize.com/post/how-to-install-ruby-on-ubuntu-18-04/,
91,linuxize,y,n,ubuntu18,n,n,https://linuxize.com/post/how-to-install-mysql-on-ubuntu-18-04/,
92,linuxize,y,n,ubuntu18,n,n,https://linuxize.com/post/how-to-install-and-use-docker-on-ubuntu-18-04/,
93,linuxize,y,n,ubuntu18,n,y,https://linuxize.com/post/how-to-deploy-rocket-chat-on-ubuntu-18-04/,
94,linuxize,y,n,ubuntu18,n,n,https://linuxize.com/post/how-to-install-go-on-ubuntu-18-04/,
95,linuxize,y,n,ubuntu18,n,y,https://linuxize.com/post/how-to-install-and-configure-gitlab-on-ubuntu-18-04/,
96,linuxize,y,n,ubuntu18,n,n,https://linuxize.com/post/how-to-change-hostname-on-ubuntu-18-04/,
97,linuxize,y,n,ubuntu18,n,n,https://linuxize.com/post/how-to-install-virtualbox-on-ubuntu-18-04/,
98,linuxize,y,n,ubuntu18,n,n,https://linuxize.com/post/how-to-check-your-ubuntu-version/,
99,linuxize,y,n,ubuntu18,n,n,https://linuxize.com/post/how-to-install-plex-media-server-on-ubuntu-18-04/,
100,linuxize,y,n,ubuntu18,n,n,https://linuxize.com/post/how-to-install-apache-on-ubuntu-18-04/,
101,linuxize,y,n,ubuntu18,n,n,https://linuxize.com/post/how-to-create-a-sudo-user-on-ubuntu/,
102,linuxize,y,n,ubuntu18,n,n,https://linuxize.com/post/how-to-install-tomcat-8-5-on-ubuntu-18.04/,
104,linuxize,y,n,ubuntu18,n,n,https://linuxize.com/post/install-java-on-ubuntu-18-04/,
105,linuxize,y,n,ubuntu18,n,y,https://linuxize.com/post/secure-nginx-with-let-s-encrypt-on-ubuntu-18-04/,
106,linuxize,y,n,ubuntu18,n,y,https://linuxize.com/post/how-to-set-up-nginx-server-blocks-on-ubuntu-18-04/,
107,linuxize,y,n,ubuntu18,n,n,https://linuxize.com/post/how-to-setup-a-firewall-with-ufw-on-ubuntu-18-04/,
108,linuxize,y,n,ubuntu18,n,y,https://linuxize.com/post/how-to-install-drupal-on-ubuntu-18-04/,
109,linuxize,y,n,ubuntu18,n,n,https://linuxize.com/post/how-to-install-node-js-on-ubuntu-18.04/,
110,linuxize,y,n,ubuntu18,n,n,https://linuxize.com/post/how-to-install-pip-on-ubuntu-18.04/,
111,linuxize,y,n,ubuntu16,n,y,https://linuxize.com/post/secure-nginx-with-let-s-encrypt-on-ubuntu-16-04/,
112,linuxize,y,n,ubuntu16,n,n,https://linuxize.com/post/install-odoo-11-on-ubuntu-16-04/,
113,linuxize,y,n,ubuntu16,n,n,https://linuxize.com/post/how-to-install-nginx-on-ubuntu-18-04/,
114,linuxize,y,n,ubuntu16,n,n,https://linuxize.com/post/how-to-upgrade-to-ubuntu-18-04-bionic-beaver/,
115,linuxize,y,n,ubuntu16,n,y,https://linuxize.com/post/set-up-an-email-server-with-postfixadmin/,
116,linuxize,y,n,ubuntu16,n,n,https://linuxize.com/post/how-to-install-nginx-on-ubuntu-16-04/,